序号,推进批次,城市,区县,医院名称,医院别名,医院等级,医院类型,官网首页_候选,官网标题_自动识别,医生目录入口_候选,入口类型_自动判断,是否可按科室_初判,是否可全院采集_初判,采集难度_初判,官方确认状态,自动置信度,检索关键词,搜索依据链接,排除或注意事项,下一步动作,人工复核结果,人工备注,更新时间
1,1,广州市,越秀区,中国人民解放军南部战区总医院,陆总医院,三级甲等,综合医院,,,,,,,D-待人工补官网,未找到-待人工补充,未找到,中国人民解放军南部战区总医院 官方网站 官网 / 中国人民解放军南部战区总医院 官网 医生 专家 科室,,,人工补充官网首页,,,2026-08-09
2,1,广州市,海珠区,中国人民解放军第421医院,四二一医院,三级甲等,综合医院,,,,,,,D-待人工补官网,未找到-待人工补充,未找到,中国人民解放军第421医院 官方网站 官网 / 中国人民解放军第421医院 官网 医生 专家 科室,https://html.duckduckgo.com/html/?q=%E4%B8%AD%E5%9B%BD%E4%BA%BA%E6%B0%91%E8%A7%A3%E6%94%BE%E5%86%9B%E7%AC%AC421%E5%8C%BB%E9%99%A2%20%E5%AE%98%E7%BD%91%20%E5%8C%BB%E7%94%9F%20%E4%B8%93%E5%AE%B6%20%E7%A7%91%E5%AE%A4,,人工补充官网首页,,,2026-08-09
3,1,广州市,天河区,中国人民解放军第一五七医院,"157陆军医院,157医院",三级甲等,综合医院,,,,,,,D-待人工补官网,未找到-待人工补充,未找到,中国人民解放军第一五七医院 官方网站 官网 / 中国人民解放军第一五七医院 官网 医生 专家 科室,https://html.duckduckgo.com/html/?q=%E4%B8%AD%E5%9B%BD%E4%BA%BA%E6%B0%91%E8%A7%A3%E6%94%BE%E5%86%9B%E7%AC%AC%E4%B8%80%E4%BA%94%E4%B8%83%E5%8C%BB%E9%99%A2%20%E5%AE%98%E7%BD%91%20%E5%8C%BB%E7%94%9F%20%E4%B8%93%E5%AE%B6%20%E7%A7%91%E5%AE%A4,,人工补充官网首页,,,2026-08-09
4,1,广州市,越秀区,中山大学中山眼科中心,中山大学眼科中心,三级甲等,专科医院,http://www.gzzoc.org.cn/,首页 | 中山大学中山眼科中心,http://www.gzzoc.org.cn/expert-introduction?name=&department=All,专家介绍,可能,待确认,A-优先自动采集,自动候选-待人工复核,高,中山大学中山眼科中心 官方网站 官网,https://html.duckduckgo.com/html/?q=%E4%B8%AD%E5%B1%B1%E5%A4%A7%E5%AD%A6%E4%B8%AD%E5%B1%B1%E7%9C%BC%E7%A7%91%E4%B8%AD%E5%BF%83%20%E5%AE%98%E6%96%B9%E7%BD%91%E7%AB%99%20%E5%AE%98%E7%BD%91,入口锚文本：专家介绍,人工打开医生入口，确认是否覆盖全院,,,2026-08-09
5,1,广州市,海珠区,中山大学孙逸仙纪念医院,"中山大学附属第二医院,中山二院",三级甲等,综合医院,,,,,,,D-待人工补官网,未找到-待人工补充,未找到,中山大学孙逸仙纪念医院 官方网站 官网 / 中山大学孙逸仙纪念医院 官网 医生 专家 科室,,,人工补充官网首页,,,2026-08-09
6,1,广州市,越秀区,中山大学肿瘤防治中心,中山大学附属肿瘤医院,三级甲等,专科医院,https://www.sysucc.org.cn/home,中山大学肿瘤防治中心,https://www.sysucc.org.cn/linchuangzhuanjia,专家介绍,可能,待确认,A-优先自动采集,自动候选-待人工复核,高,中山大学肿瘤防治中心 官方网站 官网,https://html.duckduckgo.com/html/?q=%E4%B8%AD%E5%B1%B1%E5%A4%A7%E5%AD%A6%E8%82%BF%E7%98%A4%E9%98%B2%E6%B2%BB%E4%B8%AD%E5%BF%83%20%E5%AE%98%E6%96%B9%E7%BD%91%E7%AB%99%20%E5%AE%98%E7%BD%91,入口锚文本：专家介绍,人工打开医生入口，确认是否覆盖全院,,,2026-08-09
7,1,广州市,越秀区,中山大学附属第一医院,中山大学附属第一医院,三级甲等,综合医院,,,,,,,D-待人工补官网,未找到-待人工补充,未找到,中山大学附属第一医院 官方网站 官网 / 中山大学附属第一医院 官网 医生 专家 科室,,,人工补充官网首页,,,2026-08-09
8,1,广州市,黄埔区,中山大学附属第一医院黄埔院区,中山大学附属第一医院东院,三级甲等,综合医院,,,,,,,D-待人工补官网,未找到-待人工补充,未找到,中山大学附属第一医院黄埔院区 官方网站 官网 / 中山大学附属第一医院黄埔院区 官网 医生 专家 科室,https://html.duckduckgo.com/html/?q=%E4%B8%AD%E5%B1%B1%E5%A4%A7%E5%AD%A6%E9%99%84%E5%B1%9E%E7%AC%AC%E4%B8%80%E5%8C%BB%E9%99%A2%E9%BB%84%E5%9F%94%E9%99%A2%E5%8C%BA%20%E5%AE%98%E7%BD%91%20%E5%8C%BB%E7%94%9F%20%E4%B8%93%E5%AE%B6%20%E7%A7%91%E5%AE%A4,院区/分院条目需确认是否独立采集,人工补充官网首页,,,2026-08-09
9,1,广州市,天河区,中山大学附属第三医院,中山三院,三级甲等,综合医院,https://www.zssy.com.cn/,首页 | 中山大学附属第三医院,https://www.zssy.com.cn/page/5968,专家介绍,可能,待确认,A-优先自动采集,自动候选-待人工复核,高,中山大学附属第三医院 官方网站 官网 / 中山大学附属第三医院 官网 医生 专家 科室,https://html.duckduckgo.com/html/?q=%E4%B8%AD%E5%B1%B1%E5%A4%A7%E5%AD%A6%E9%99%84%E5%B1%9E%E7%AC%AC%E4%B8%89%E5%8C%BB%E9%99%A2%20%E5%AE%98%E7%BD%91%20%E5%8C%BB%E7%94%9F%20%E4%B8%93%E5%AE%B6%20%E7%A7%91%E5%AE%A4,,人工打开医生入口，确认是否覆盖全院,,,2026-08-09
10,1,广州市,越秀区,南方医科大学口腔医院(海珠广场院区),南方医科大学口腔医院(海珠广场院区),三级甲等,综合医院,https://www.smukqyy.cn/home,南方医科大学口腔医院,https://www.smukqyy.cn/doctor/313,医生目录,可能,待确认,A-优先自动采集,自动候选-待人工复核,高,南方医科大学口腔医院 官方网站 官网,https://html.duckduckgo.com/html/?q=%E5%8D%97%E6%96%B9%E5%8C%BB%E7%A7%91%E5%A4%A7%E5%AD%A6%E5%8F%A3%E8%85%94%E5%8C%BB%E9%99%A2%20%E5%AE%98%E6%96%B9%E7%BD%91%E7%AB%99%20%E5%AE%98%E7%BD%91,入口锚文本：门诊时间；院区/分院条目需确认是否独立采集,人工打开医生入口，确认是否覆盖全院,,,2026-08-09
11,1,广州市,海珠区,南方医科大学珠江医院,珠江医院,三级甲等,综合医院,,,,,,,D-待人工补官网,未找到-待人工补充,未找到,南方医科大学珠江医院 官方网站 官网 / 南方医科大学珠江医院 官网 医生 专家 科室,,,人工补充官网首页,,,2026-08-09
12,1,广州市,越秀区,南方医科大学皮肤病医院,广东省皮肤病医院,三级甲等,专科医院,https://www.gdskin.com/,"南方医科大学皮肤病医院,广东省皮肤病医院,广东省皮肤性病防治中心,中国麻风防治研究中心官网主页",https://www.gdskin.com/ShowNews.aspx?ID=6943,医生目录,可能,待确认,A-优先自动采集,自动候选-待人工复核,高,南方医科大学皮肤病医院 官方网站 官网,https://html.duckduckgo.com/html/?q=%E5%8D%97%E6%96%B9%E5%8C%BB%E7%A7%91%E5%A4%A7%E5%AD%A6%E7%9A%AE%E8%82%A4%E7%97%85%E5%8C%BB%E9%99%A2%20%E5%AE%98%E6%96%B9%E7%BD%91%E7%AB%99%20%E5%AE%98%E7%BD%91,入口锚文本：【喜讯】我院2位专家获评首届十大广州“青年医学尖兵”及2024年“广州好医生”,人工打开医生入口，确认是否覆盖全院,,,2026-08-09
13,1,广州市,天河区,南方医科大学第三附属医院,广东省骨科研究院,三级甲等,综合医院,http://www.nysy.com.cn/,南方医科大学第三附属医院,http://www.nysy.com.cn/cn/ksts/fzks/jkglzx/,疑似医生入口,可能,待确认,A-优先自动采集,自动候选-待人工复核,高,南方医科大学第三附属医院 官方网站 官网,https://html.duckduckgo.com/html/?q=site%3Anysy.com.cn%20%E5%8D%97%E6%96%B9%E5%8C%BB%E7%A7%91%E5%A4%A7%E5%AD%A6%E7%AC%AC%E4%B8%89%E9%99%84%E5%B1%9E%E5%8C%BB%E9%99%A2%20%E5%8C%BB%E7%94%9F%20%E4%B8%93%E5%AE%B6%20%E7%A7%91%E5%AE%A4,,人工打开医生入口，确认是否覆盖全院,,,2026-08-09
14,1,广州市,从化市,南方医科大学第五附属医院,南方医科大学第五附属医院,三级甲等,综合医院,http://www.ny5y.cn/,南方医科大学第五附属医院,http://www.ny5y.cn/zhuanjia_sanji.php?id=98,专家介绍,可能,待确认,A-优先自动采集,自动候选-待人工复核,高,南方医科大学第五附属医院 官方网站 官网 / 南方医科大学第五附属医院 官网 医生 专家 科室,https://html.duckduckgo.com/html/?q=%E5%8D%97%E6%96%B9%E5%8C%BB%E7%A7%91%E5%A4%A7%E5%AD%A6%E7%AC%AC%E4%BA%94%E9%99%84%E5%B1%9E%E5%8C%BB%E9%99%A2%20%E5%AE%98%E7%BD%91%20%E5%8C%BB%E7%94%9F%20%E4%B8%93%E5%AE%B6%20%E7%A7%91%E5%AE%A4,,人工打开医生入口，确认是否覆盖全院,,,2026-08-09
15,1,广州市,越秀区,南部战区空军医院,原解放军第四五八医院,三级甲等,综合医院,http://nbkjyy.mil.cn/,南部战区空军医院_官方网站,http://nbkjyy.mil.cn/expert/,专家介绍,可能,待确认,A-优先自动采集,自动候选-待人工复核,高,南部战区空军医院 官方网站 官网,https://html.duckduckgo.com/html/?q=%E5%8D%97%E9%83%A8%E6%88%98%E5%8C%BA%E7%A9%BA%E5%86%9B%E5%8C%BB%E9%99%A2%20%E5%AE%98%E6%96%B9%E7%BD%91%E7%AB%99%20%E5%AE%98%E7%BD%91,入口锚文本：专家介绍,人工打开医生入口，确认是否覆盖全院,,,2026-08-09
16,1,广州市,越秀区,广东省中医院,广东省中医院,三级甲等,综合医院,http://广东省中医院.中国/,广东省中医院.中国,,,,,C-仅官网待找入口,已找到官网-待补医生入口,高,广东省中医院 官方网站 官网,https://html.duckduckgo.com/html/?q=%E5%B9%BF%E4%B8%9C%E7%9C%81%E4%B8%AD%E5%8C%BB%E9%99%A2%20%E5%AE%98%E6%96%B9%E7%BD%91%E7%AB%99%20%E5%AE%98%E7%BD%91,,人工打开官网首页，查找专家/医生/科室入口,,,2026-08-09
17,1,广州市,越秀区,广东省中医院二沙岛医院,广东省中医院二沙岛医院,三级甲等,综合医院,,,,,,,D-待人工补官网,未找到-待人工补充,未找到,广东省中医院二沙岛医院 官方网站 官网 / 广东省中医院二沙岛医院 官网 医生 专家 科室,,,人工补充官网首页,,,2026-08-09
18,1,广州市,荔湾区,广东省中医院芳村分院,广州市慈善医院,三级甲等,综合医院,https://www.gdhtcm.com/college/index_100000301137599.html,广东省中医院,https://www.gdhtcm.com/expert/index_100000000817179.html,专家介绍,可能,待确认,A-优先自动采集,自动候选-待人工复核,中,广东省中医院芳村分院 官方网站 官网,https://html.duckduckgo.com/html/?q=%E5%B9%BF%E4%B8%9C%E7%9C%81%E4%B8%AD%E5%8C%BB%E9%99%A2%E8%8A%B3%E6%9D%91%E5%88%86%E9%99%A2%20%E5%AE%98%E6%96%B9%E7%BD%91%E7%AB%99%20%E5%AE%98%E7%BD%91,入口锚文本：专家介绍；院区/分院条目需确认是否独立采集,人工打开医生入口，确认是否覆盖全院,,,2026-08-09
19,1,广州市,越秀区,广东省人民医院,广东省医学科学院,三级甲等,综合医院,,,,,,,D-待人工补官网,未找到-待人工补充,未找到,广东省人民医院 官方网站 官网 / 广东省人民医院 官网 医生 专家 科室,,,人工补充官网首页,,,2026-08-09
20,1,广州市,越秀区,广东省人民医院惠福分院,广东省人民医院惠福分院,三级甲等,综合医院,,,,,,,D-待人工补官网,未找到-待人工补充,未找到,广东省人民医院惠福分院 官方网站 官网 / 广东省人民医院惠福分院 官网 医生 专家 科室,,院区/分院条目需确认是否独立采集,人工补充官网首页,,,2026-08-09
21,1,广州市,白云区,广东省妇幼保健院,广东省妇幼保健院,三级甲等,综合医院,,,,,,,D-待人工补官网,未找到-待人工补充,未找到,广东省妇幼保健院 官方网站 官网 / 广东省妇幼保健院 官网 医生 专家 科室,,,人工补充官网首页,,,2026-08-09
22,1,广州市,天河区,广东省第二中医院,广东省第二中医院,三级甲等,综合医院,https://www.gdzy5413.com/main/main.aspx,广东省第二中医院--广东省中医药工程技术研究院,https://www.gdzy5413.com/main/famousdoctorinfo.aspx?fid=81&cid=851&pid=850,医生目录,可能,待确认,A-优先自动采集,自动候选-待人工复核,中,广东省第二中医院 官方网站 官网,https://html.duckduckgo.com/html/?q=%E5%B9%BF%E4%B8%9C%E7%9C%81%E7%AC%AC%E4%BA%8C%E4%B8%AD%E5%8C%BB%E9%99%A2%20%E5%AE%98%E6%96%B9%E7%BD%91%E7%AB%99%20%E5%AE%98%E7%BD%91,入口锚文本：专家荟萃,人工打开医生入口，确认是否覆盖全院,,,2026-08-09
23,1,广州市,海珠区,广东省第二人民医院,解放军第一七七中心医院,三级甲等,综合医院,,,,,,,D-待人工补官网,未找到-待人工补充,未找到,广东省第二人民医院 官方网站 官网 / 广东省第二人民医院 官网 医生 专家 科室,,,人工补充官网首页,,,2026-08-09
24,1,广州市,越秀区,广东药科大学附属第一医院,广东药科大学附属第一医院,三级甲等,综合医院,,,,,,,D-待人工补官网,未找到-待人工补充,未找到,广东药科大学附属第一医院 官方网站 官网 / 广东药科大学附属第一医院 官网 医生 专家 科室,https://html.duckduckgo.com/html/?q=%E5%B9%BF%E4%B8%9C%E8%8D%AF%E7%A7%91%E5%A4%A7%E5%AD%A6%E9%99%84%E5%B1%9E%E7%AC%AC%E4%B8%80%E5%8C%BB%E9%99%A2%20%E5%AE%98%E7%BD%91%20%E5%8C%BB%E7%94%9F%20%E4%B8%93%E5%AE%B6%20%E7%A7%91%E5%AE%A4,,人工补充官网首页,,,2026-08-09
25,1,广州市,白云区,广州中医药大学第一附属医院,广州中医药大学第一附属医院,三级甲等,综合医院,,,,,,,D-待人工补官网,未找到-待人工补充,未找到,广州中医药大学第一附属医院 官方网站 官网 / 广州中医药大学第一附属医院 官网 医生 专家 科室,,,人工补充官网首页,,,2026-08-09
26,1,广州市,天河区,广州中医药大学第一附属医院先烈东门诊部,广州中医药大学第一附属医院先烈东门诊部,三级甲等,其他,,,,,,,D-待人工补官网,未找到-待人工补充,未找到,广州中医药大学第一附属医院先烈东门诊部 官方网站 官网 / 广州中医药大学第一附属医院先烈东门诊部 官网 医生 专家 科室,,院区/分院条目需确认是否独立采集,人工补充官网首页,,,2026-08-09
27,1,广州市,海珠区,广州中医药大学第三附属医院,广州中医药大学附属骨伤科医院,三级甲等,专科医院,,,,,,,D-待人工补官网,未找到-待人工补充,未找到,广州中医药大学第三附属医院 官方网站 官网 / 广州中医药大学第三附属医院 官网 医生 专家 科室,,,人工补充官网首页,,,2026-08-09
28,1,广州市,荔湾区,广州中医药大学第三附属医院芳村分院,广州中医药大学第三附属医院芳村分院,三级甲等,综合医院,,,,,,,D-待人工补官网,未找到-待人工补充,未找到,广州中医药大学第三附属医院芳村分院 官方网站 官网 / 广州中医药大学第三附属医院芳村分院 官网 医生 专家 科室,,院区/分院条目需确认是否独立采集,人工补充官网首页,,,2026-08-09
29,1,广州市,大东区,广州军区广州总医院附属一五七医院,广州总医院一五七医院,三级甲等,综合医院,,,,,,,D-待人工补官网,未找到-待人工补充,未找到,广州军区广州总医院附属一五七医院 官方网站 官网 / 广州军区广州总医院附属一五七医院 官网 医生 专家 科室,https://html.duckduckgo.com/html/?q=%E5%B9%BF%E5%B7%9E%E5%86%9B%E5%8C%BA%E5%B9%BF%E5%B7%9E%E6%80%BB%E5%8C%BB%E9%99%A2%E9%99%84%E5%B1%9E%E4%B8%80%E4%BA%94%E4%B8%83%E5%8C%BB%E9%99%A2%20%E5%AE%98%E7%BD%91%20%E5%8C%BB%E7%94%9F%20%E4%B8%93%E5%AE%B6%20%E7%A7%91%E5%AE%A4,,人工补充官网首页,,,2026-08-09
30,1,广州市,越秀区,广州军区机关医院哮喘气管炎诊疗中心,广州军区机关医院哮喘气管炎诊疗中心,三级甲等,综合医院,https://www.thinkdid.com/hospitalInfo/city/hospital/22810.html,广州军区机关医院哮喘气管炎诊疗中心-行迪医管,,,,,C-仅官网待找入口,已找到官网-待补医生入口,中,广州军区机关医院哮喘气管炎诊疗中心 官方网站 官网,https://html.duckduckgo.com/html/?q=%E5%B9%BF%E5%B7%9E%E5%86%9B%E5%8C%BA%E6%9C%BA%E5%85%B3%E5%8C%BB%E9%99%A2%E5%93%AE%E5%96%98%E6%B0%94%E7%AE%A1%E7%82%8E%E8%AF%8A%E7%96%97%E4%B8%AD%E5%BF%83%20%E5%AE%98%E6%96%B9%E7%BD%91%E7%AB%99%20%E5%AE%98%E7%BD%91,,人工打开官网首页，查找专家/医生/科室入口,,,2026-08-09
31,1,广州市,越秀区,广州军区机关门诊部哮喘气管炎治疗科,广州军区机关医院,三级甲等,综合医院,,,,,,,D-待人工补官网,未找到-待人工补充,未找到,广州军区机关门诊部哮喘气管炎治疗科 官方网站 官网 / 广州军区机关门诊部哮喘气管炎治疗科 官网 医生 专家 科室,,院区/分院条目需确认是否独立采集,人工补充官网首页,,,2026-08-09
32,1,广州市,海珠区,广州医学院第一附属医院海印分院,广州医学院第一附属医院海印分院,三级甲等,综合医院,,,,,,,D-待人工补官网,未找到-待人工补充,未找到,广州医学院第一附属医院海印分院 官方网站 官网 / 广州医学院第一附属医院海印分院 官网 医生 专家 科室,,院区/分院条目需确认是否独立采集,人工补充官网首页,,,2026-08-09
33,1,广州市,荔湾区,广州医科大学附属口腔医院,广州医科大学羊城医院,三级甲等,专科医院,https://www.gykqyy.com/,广州医科大学附属口腔医院 口腔医学院,https://www.gykqyy.com/list.html?category=55,专家介绍,可能,待确认,A-优先自动采集,自动候选-待人工复核,高,广州医科大学附属口腔医院 官方网站 官网 / 广州医科大学附属口腔医院 官网 医生 专家 科室,https://html.duckduckgo.com/html/?q=%E5%B9%BF%E5%B7%9E%E5%8C%BB%E7%A7%91%E5%A4%A7%E5%AD%A6%E9%99%84%E5%B1%9E%E5%8F%A3%E8%85%94%E5%8C%BB%E9%99%A2%20%E5%AE%98%E7%BD%91%20%E5%8C%BB%E7%94%9F%20%E4%B8%93%E5%AE%B6%20%E7%A7%91%E5%AE%A4,入口锚文本：专家介绍,人工打开医生入口，确认是否覆盖全院,,,2026-08-09
34,1,广州市,越秀区,广州医科大学附属第一医院,广州医科大学附属第一医院,三级甲等,综合医院,https://www.gyfyyy.cn/,广州医科大学附属第一医院官方网站www.gyfyy.com,https://www.gyfyyy.cn/cn/ylfw/czcx/,专家介绍,可能,待确认,A-优先自动采集,自动候选-待人工复核,高,广州医科大学附属第一医院 官方网站 官网,https://html.duckduckgo.com/html/?q=%E5%B9%BF%E5%B7%9E%E5%8C%BB%E7%A7%91%E5%A4%A7%E5%AD%A6%E9%99%84%E5%B1%9E%E7%AC%AC%E4%B8%80%E5%8C%BB%E9%99%A2%20%E5%AE%98%E6%96%B9%E7%BD%91%E7%AB%99%20%E5%AE%98%E7%BD%91,入口锚文本：专家排班,人工打开医生入口，确认是否覆盖全院,,,2026-08-09
35,1,广州市,荔湾区,广州医科大学附属第三医院,广州医科大学附属第三医院,三级甲等,综合医院,https://www.gy3y.cn/index,首页_广州医科大学附属第三医院,https://www.gy3y.cn/kstd/zjjs.html,医生目录,可能,待确认,A-优先自动采集,自动候选-待人工复核,高,广州医科大学附属第三医院 官方网站 官网,https://html.duckduckgo.com/html/?q=%E5%B9%BF%E5%B7%9E%E5%8C%BB%E7%A7%91%E5%A4%A7%E5%AD%A6%E9%99%84%E5%B1%9E%E7%AC%AC%E4%B8%89%E5%8C%BB%E9%99%A2%20%E5%AE%98%E6%96%B9%E7%BD%91%E7%AB%99%20%E5%AE%98%E7%BD%91,入口锚文本：医生查询,人工打开医生入口，确认是否覆盖全院,,,2026-08-09
36,1,广州市,海珠区,广州医科大学附属第二医院,广医二院,三级甲等,综合医院,,,,,,,D-待人工补官网,未找到-待人工补充,未找到,广州医科大学附属第二医院 官方网站 官网 / 广州医科大学附属第二医院 官网 医生 专家 科室,,,人工补充官网首页,,,2026-08-09
37,1,广州市,荔湾区,广州医科大学附属脑科医院,广州医科大学附属脑科医院,三级甲等,专科医院,,,,,,,D-待人工补官网,未找到-待人工补充,未找到,广州医科大学附属脑科医院 官方网站 官网 / 广州医科大学附属脑科医院 官网 医生 专家 科室,,,人工补充官网首页,,,2026-08-09
38,1,广州市,花都区,广州医科大学附属脑科医院(江村院区),广州医科大学附属脑科医院(江村院区),三级甲等,专科医院,https://www.gzbrain.cn/myzj/list.aspx,广州医科大学附属脑科医院，广州市惠爱医院，广州市脑科医院，广州医科大学附属精神病医院，广州市精神病医院，广州市精神卫生中心,,,,,C-仅官网待找入口,已找到官网-待补医生入口,中,广州医科大学附属脑科医院 官方网站 官网 / 广州医科大学附属脑科医院 官网 医生 专家 科室,https://html.duckduckgo.com/html/?q=%E5%B9%BF%E5%B7%9E%E5%8C%BB%E7%A7%91%E5%A4%A7%E5%AD%A6%E9%99%84%E5%B1%9E%E8%84%91%E7%A7%91%E5%8C%BB%E9%99%A2%20%E5%AE%98%E7%BD%91%20%E5%8C%BB%E7%94%9F%20%E4%B8%93%E5%AE%B6%20%E7%A7%91%E5%AE%A4,院区/分院条目需确认是否独立采集,人工打开官网首页，查找专家/医生/科室入口,,,2026-08-09
39,1,广州市,荔湾区,广州市中医院,广州市中医院,三级甲等,综合医院,https://www.gzszyy.com/patient/,患者版-广州医科大学附属中医医院|广州市中医医院【官方网站】,https://m.gzszyy.com/science_zyd_zxdt/2025/PdR6WzdG.html,疑似医生入口,可能,待确认,A-优先自动采集,自动候选-待人工复核,中,广州市中医院 官方网站 官网,https://html.duckduckgo.com/html/?q=%E5%B9%BF%E5%B7%9E%E5%B8%82%E4%B8%AD%E5%8C%BB%E9%99%A2%20%E5%AE%98%E6%96%B9%E7%BD%91%E7%AB%99%20%E5%AE%98%E7%BD%91,,人工打开医生入口，确认是否覆盖全院,,,2026-08-09
40,1,广州市,花都区,广州市中西医结合医院,"广州市花都区中医院,广州中医药大学附属花都医院",三级甲等,综合医院,https://gzitwm.net/,广州市中西医结合医院,https://gzitwm.net/specialist/index.html,疑似医生入口,可能,待确认,A-优先自动采集,自动候选-待人工复核,高,广州市中西医结合医院 官方网站 官网 / 广州市中西医结合医院 官网 医生 专家 科室,https://html.duckduckgo.com/html/?q=%E5%B9%BF%E5%B7%9E%E5%B8%82%E4%B8%AD%E8%A5%BF%E5%8C%BB%E7%BB%93%E5%90%88%E5%8C%BB%E9%99%A2%20%E5%AE%98%E7%BD%91%20%E5%8C%BB%E7%94%9F%20%E4%B8%93%E5%AE%B6%20%E7%A7%91%E5%AE%A4,,人工打开医生入口，确认是否覆盖全院,,,2026-08-09
41,1,广州市,荔湾区,广州市儿童医院,广州市儿童医院,三级甲等,专科医院,,,,,,,D-待人工补官网,未找到-待人工补充,未找到,广州市儿童医院 官方网站 官网 / 广州市儿童医院 官网 医生 专家 科室,,,人工补充官网首页,,,2026-08-09
42,1,广州市,荔湾区,广州市妇女儿童医疗中心,广州市妇幼保健院,三级甲等,综合医院,https://www.gzfezx.com/,广州市妇女儿童医疗中心,https://www.gzfezx.com/division/department,科室导航,是,待确认,B-半自动采集,自动候选-待人工复核,中,广州市妇女儿童医疗中心 官方网站 官网 / 广州市妇女儿童医疗中心 官网 医生 专家 科室,https://html.duckduckgo.com/html/?q=%E5%B9%BF%E5%B7%9E%E5%B8%82%E5%A6%87%E5%A5%B3%E5%84%BF%E7%AB%A5%E5%8C%BB%E7%96%97%E4%B8%AD%E5%BF%83%20%E5%AE%98%E7%BD%91%20%E5%8C%BB%E7%94%9F%20%E4%B8%93%E5%AE%B6%20%E7%A7%91%E5%AE%A4,,人工打开医生入口，确认是否覆盖全院,,,2026-08-09
43,1,广州市,番禺区,广州市番禺区中医院,广州市番禺区中医院,三级甲等,综合医院,https://www.gzpyzy.cn/index.php?ac=article&at=list&tid=1,最新动态-番禺区中医院,https://www.gzpyzy.cn/index.php?ac=article&at=read&did=5608,专家介绍,可能,待确认,A-优先自动采集,自动候选-待人工复核,中,广州市番禺区中医院 官方网站 官网,https://html.duckduckgo.com/html/?q=%E5%B9%BF%E5%B7%9E%E5%B8%82%E7%95%AA%E7%A6%BA%E5%8C%BA%E4%B8%AD%E5%8C%BB%E9%99%A2%20%E5%AE%98%E6%96%B9%E7%BD%91%E7%AB%99%20%E5%AE%98%E7%BD%91,入口锚文本：2026.03.13【家门口看名医】番禺区中医院派出首批骨干专家团队到区第五人民医院定期开诊,人工打开医生入口，确认是否覆盖全院,,,2026-08-09
44,1,广州市,番禺区,广州市番禺区中心医院,广州市番禺区人民医院、广州市番禺区心血管疾病研究所,三级甲等,综合医院,https://www.pyhospital.com.cn/,广州医科大学附属番禺中心医院,https://www.pyhospital.com.cn/show_list.php?id=70,专家介绍,可能,待确认,A-优先自动采集,自动候选-待人工复核,高,广州市番禺区中心医院 官方网站 官网,https://html.duckduckgo.com/html/?q=site%3Apyhospital.com.cn%20%E5%B9%BF%E5%B7%9E%E5%B8%82%E7%95%AA%E7%A6%BA%E5%8C%BA%E4%B8%AD%E5%BF%83%E5%8C%BB%E9%99%A2%20%E5%8C%BB%E7%94%9F%20%E4%B8%93%E5%AE%B6%20%E7%A7%91%E5%AE%A4,,人工打开医生入口，确认是否覆盖全院,,,2026-08-09
45,1,广州市,越秀区,广州市第一人民医院,广州市第一人民医院,三级甲等,综合医院,https://www.gzsbyqrmyy.cn/sy.htm,首页-广州市白云区人民医院，白云区人民医院，广州市白云区人民医院官网,https://www.gzsbyqrmyy.cn/info/1042/9014.htm,医生目录,可能,待确认,A-优先自动采集,自动候选-待人工复核,中,广州市第一人民医院 官方网站 官网,https://html.duckduckgo.com/html/?q=%E5%B9%BF%E5%B7%9E%E5%B8%82%E7%AC%AC%E4%B8%80%E4%BA%BA%E6%B0%91%E5%8C%BB%E9%99%A2%20%E5%AE%98%E6%96%B9%E7%BD%91%E7%AB%99%20%E5%AE%98%E7%BD%91,入口锚文本：主任医师 古维立 擅长：从事临床肝胆胰外科工作37年，擅长肝脏肿瘤、胆道肿瘤、胰腺肿瘤的精准治疗，尤其对胆道良性疾病有丰富的临床经验，2015年获首届“羊城好医生”称号，2019年获岭南名医；任首届广州市医学会加速康复外科主任委员。,人工打开医生入口，确认是否覆盖全院,,,2026-08-09
46,1,广州市,荔湾区,广州市第一人民医院鹤洞分院,广州市第一人民医院消化疾病中心,三级甲等,专科医院,,,,,,,D-待人工补官网,未找到-待人工补充,未找到,广州市第一人民医院鹤洞分院 官方网站 官网 / 广州市第一人民医院鹤洞分院 官网 医生 专家 科室,,院区/分院条目需确认是否独立采集,人工补充官网首页,,,2026-08-09
47,1,广州市,海珠区,广州市红十字会医院,暨南大学医学院第四附属医院,三级甲等,综合医院,,,,,,,D-待人工补官网,未找到-待人工补充,未找到,广州市红十字会医院 官方网站 官网 / 广州市红十字会医院 官网 医生 专家 科室,,,人工补充官网首页,,,2026-08-09
48,1,广州市,海珠区,广州市红十字会医院昌岗分院,广州市红十字会医院昌岗分院,三级甲等,综合医院,,,,,,,D-待人工补官网,未找到-待人工补充,未找到,广州市红十字会医院昌岗分院 官方网站 官网 / 广州市红十字会医院昌岗分院 官网 医生 专家 科室,,院区/分院条目需确认是否独立采集,人工补充官网首页,,,2026-08-09
49,1,广州市,荔湾区,广州市脑科医院荔湾门诊部,广州市脑科医院荔湾门诊部,三级甲等,专科医院,,,,,,,D-待人工补官网,未找到-待人工补充,未找到,广州市脑科医院荔湾门诊部 官方网站 官网 / 广州市脑科医院荔湾门诊部 官网 医生 专家 科室,,院区/分院条目需确认是否独立采集,人工补充官网首页,,,2026-08-09
50,1,广州市,花都区,广州市花都区人民医院,广州市花都区人民医院,三级甲等,综合医院,https://www.hdhosp.com/yygk/yyjj.htm,医院简介-暨南大学附属广州医院（广州市花都区人民医院）,https://www.hdhosp.com/jyzn/xzys.htm,医生目录,可能,待确认,A-优先自动采集,自动候选-待人工复核,中,广州市花都区人民医院 官方网站 官网,https://html.duckduckgo.com/html/?q=%E5%B9%BF%E5%B7%9E%E5%B8%82%E8%8A%B1%E9%83%BD%E5%8C%BA%E4%BA%BA%E6%B0%91%E5%8C%BB%E9%99%A2%20%E5%AE%98%E6%96%B9%E7%BD%91%E7%AB%99%20%E5%AE%98%E7%BD%91,入口锚文本：寻找医生,人工打开医生入口，确认是否覆盖全院,,,2026-08-09
51,1,广州市,荔湾区,广州市荔湾中心医院,广州医学院荔湾医院,三级甲等,综合医院,,,,,,,D-待人工补官网,未找到-待人工补充,未找到,广州市荔湾中心医院 官方网站 官网 / 广州市荔湾中心医院 官网 医生 专家 科室,,,人工补充官网首页,,,2026-08-09
52,1,广州市,黄埔区,广州武警医院,武警部队广东省总队医院,三级甲等,综合医院,,,,,,,D-待人工补官网,未找到-待人工补充,未找到,广州武警医院 官方网站 官网 / 广州武警医院 官网 医生 专家 科室,https://html.duckduckgo.com/html/?q=%E5%B9%BF%E5%B7%9E%E6%AD%A6%E8%AD%A6%E5%8C%BB%E9%99%A2%20%E5%AE%98%E7%BD%91%20%E5%8C%BB%E7%94%9F%20%E4%B8%93%E5%AE%B6%20%E7%A7%91%E5%AE%A4,,人工补充官网首页,,,2026-08-09
53,1,广州市,海珠区,广州红十字会医院,暨南大学医学院第四附属医院,三级甲等,综合医院,,,,,,,D-待人工补官网,未找到-待人工补充,未找到,广州红十字会医院 官方网站 官网 / 广州红十字会医院 官网 医生 专家 科室,https://html.duckduckgo.com/html/?q=%E5%B9%BF%E5%B7%9E%E7%BA%A2%E5%8D%81%E5%AD%97%E4%BC%9A%E5%8C%BB%E9%99%A2%20%E5%AE%98%E7%BD%91%20%E5%8C%BB%E7%94%9F%20%E4%B8%93%E5%AE%B6%20%E7%A7%91%E5%AE%A4,,人工补充官网首页,,,2026-08-09
54,1,广州市,天河区,暨南大学附属第一医院,广州华侨医院,三级甲等,综合医院,https://faculty.jnu.edu.cn/lcyxy/qb/list.psp,第一临床医学院（附属第一医院）,,,,,C-仅官网待找入口,已找到官网-待补医生入口,中,暨南大学附属第一医院 官方网站 官网 / 暨南大学附属第一医院 官网 医生 专家 科室,https://html.duckduckgo.com/html/?q=%E6%9A%A8%E5%8D%97%E5%A4%A7%E5%AD%A6%E9%99%84%E5%B1%9E%E7%AC%AC%E4%B8%80%E5%8C%BB%E9%99%A2%20%E5%AE%98%E7%BD%91%20%E5%8C%BB%E7%94%9F%20%E4%B8%93%E5%AE%B6%20%E7%A7%91%E5%AE%A4,,人工打开官网首页，查找专家/医生/科室入口,,,2026-08-09
55,1,广州市,天河区,武警广东总队医院,"武警广东总队医院,武警医院",三级甲等,综合医院,http://wjyy.gdkrinfo.com/,武警广东总队医院,,,,,C-仅官网待找入口,已找到官网-待补医生入口,高,武警广东总队医院 官方网站 官网,https://html.duckduckgo.com/html/?q=%E6%AD%A6%E8%AD%A6%E5%B9%BF%E4%B8%9C%E6%80%BB%E9%98%9F%E5%8C%BB%E9%99%A2%20%E5%AE%98%E6%96%B9%E7%BD%91%E7%AB%99%20%E5%AE%98%E7%BD%91,,人工打开官网首页，查找专家/医生/科室入口,,,2026-08-09
56,1,广州市,海珠区,龙凤街将军直社区卫生服务站,龙凤街将军直社区卫生服务站,三级甲等,综合医院,,,,,,,D-待人工补官网,未找到-待人工补充,未找到,龙凤街将军直社区卫生服务站 官方网站 官网 / 龙凤街将军直社区卫生服务站 官网 医生 专家 科室,,,人工补充官网首页,,,2026-08-09
57,2,深圳市,罗湖区,中国人民武装警察边防部队总医院,深圳武警边防医院,三级甲等,综合医院,,,,,,,D-待人工补官网,未找到-待人工补充,未找到,中国人民武装警察边防部队总医院 官方网站 官网 / 中国人民武装警察边防部队总医院 官网 医生 专家 科室,https://html.duckduckgo.com/html/?q=%E4%B8%AD%E5%9B%BD%E4%BA%BA%E6%B0%91%E6%AD%A6%E8%A3%85%E8%AD%A6%E5%AF%9F%E8%BE%B9%E9%98%B2%E9%83%A8%E9%98%9F%E6%80%BB%E5%8C%BB%E9%99%A2%20%E5%AE%98%E7%BD%91%20%E5%8C%BB%E7%94%9F%20%E4%B8%93%E5%AE%B6%20%E7%A7%91%E5%AE%A4,,人工补充官网首页,,,2026-08-09
58,2,深圳市,福田区,北京大学深圳医院,深圳市中心医院,三级甲等,综合医院,https://www.pkuszh.com.cn/,北京大学深圳医院,https://www.pkuszh.com.cn/hzb_ksdh,科室导航,是,待确认,B-半自动采集,自动候选-待人工复核,高,北京大学深圳医院 官方网站 官网 / 北京大学深圳医院 官网 医生 专家 科室,https://html.duckduckgo.com/html/?q=%E5%8C%97%E4%BA%AC%E5%A4%A7%E5%AD%A6%E6%B7%B1%E5%9C%B3%E5%8C%BB%E9%99%A2%20%E5%AE%98%E7%BD%91%20%E5%8C%BB%E7%94%9F%20%E4%B8%93%E5%AE%B6%20%E7%A7%91%E5%AE%A4,,人工打开医生入口，确认是否覆盖全院,,,2026-08-09
59,2,深圳市,南山区,华中科技大学协和深圳医院,深圳市南山区人民医院(深圳市第六人民医院),三级甲等,综合医院,https://www.nsqyljtzb.cn/Category_27/Index.aspx,南山区医疗集团总部,https://www.nsqyljtzb.cn/Category_20/Index.aspx,专家介绍,可能,待确认,A-优先自动采集,自动候选-待人工复核,中,华中科技大学协和深圳医院 官方网站 官网,https://html.duckduckgo.com/html/?q=%E5%8D%8E%E4%B8%AD%E7%A7%91%E6%8A%80%E5%A4%A7%E5%AD%A6%E5%8D%8F%E5%92%8C%E6%B7%B1%E5%9C%B3%E5%8C%BB%E9%99%A2%20%E5%AE%98%E6%96%B9%E7%BD%91%E7%AB%99%20%E5%AE%98%E7%BD%91,入口锚文本：名医专家,人工打开医生入口，确认是否覆盖全院,,,2026-08-09
60,2,深圳市,罗湖区,深圳大学第三附属医院,深圳市罗湖区人民医院,三级甲等,综合医院,https://www.szlhyy.com.cn/ksjs/lcks/zlmyk.htm,肿瘤免疫科-罗湖区人民医院,https://www.szlhyy.com.cn/ksjs/lcks/zlmyk.htm,疑似医生入口,可能,待确认,A-优先自动采集,自动候选-待人工复核,中,深圳大学第三附属医院 官方网站 官网 / 深圳大学第三附属医院 官网 医生 专家 科室,https://html.duckduckgo.com/html/?q=%E6%B7%B1%E5%9C%B3%E5%A4%A7%E5%AD%A6%E7%AC%AC%E4%B8%89%E9%99%84%E5%B1%9E%E5%8C%BB%E9%99%A2%20%E5%AE%98%E7%BD%91%20%E5%8C%BB%E7%94%9F%20%E4%B8%93%E5%AE%B6%20%E7%A7%91%E5%AE%A4,,人工打开医生入口，确认是否覆盖全院,,,2026-08-09
61,2,深圳市,福田区,深圳市中医院,深圳市中医院,三级甲等,综合医院,https://www.szszyy.cn/,深圳市中医院,https://www.szszyy.cn/ProvinceDoctor/list.aspx,医生目录,可能,待确认,A-优先自动采集,自动候选-待人工复核,高,深圳市中医院 官方网站 官网,https://html.duckduckgo.com/html/?q=%E6%B7%B1%E5%9C%B3%E5%B8%82%E4%B8%AD%E5%8C%BB%E9%99%A2%20%E5%AE%98%E6%96%B9%E7%BD%91%E7%AB%99%20%E5%AE%98%E7%BD%91,入口锚文本：省名中医 省名中医19位（按称号获批年份及姓氏笔画排序）,人工打开医生入口，确认是否覆盖全院,,,2026-08-09
62,2,深圳市,罗湖区,深圳市人民医院,深圳市人民医院,三级甲等,综合医院,https://www.szhospital.com/,深圳市人民医院门户网站,https://www.szhospital.com/?fid=A004&mnuid=5&type_code=A04,专家介绍,可能,待确认,A-优先自动采集,自动候选-待人工复核,高,深圳市人民医院 官方网站 官网 / 深圳市人民医院 官网 医生 专家 科室,https://html.duckduckgo.com/html/?q=%E6%B7%B1%E5%9C%B3%E5%B8%82%E4%BA%BA%E6%B0%91%E5%8C%BB%E9%99%A2%20%E5%AE%98%E7%BD%91%20%E5%8C%BB%E7%94%9F%20%E4%B8%93%E5%AE%B6%20%E7%A7%91%E5%AE%A4,入口锚文本：专家出诊,人工打开医生入口，确认是否覆盖全院,,,2026-08-09
63,2,深圳市,福田区,深圳市儿童医院,深圳市儿童医院,三级甲等,专科医院,http://www.szkid.com.cn/yygk/yyjj/,医院简介-深圳市儿童医院,http://www.szkid.com.cn/jyfw/zjjs/index.html,专家介绍,可能,待确认,A-优先自动采集,自动候选-待人工复核,高,深圳市儿童医院 官方网站 官网,https://html.duckduckgo.com/html/?q=%E6%B7%B1%E5%9C%B3%E5%B8%82%E5%84%BF%E7%AB%A5%E5%8C%BB%E9%99%A2%20%E5%AE%98%E6%96%B9%E7%BD%91%E7%AB%99%20%E5%AE%98%E7%BD%91,入口锚文本：专家介绍,人工打开医生入口，确认是否覆盖全院,,,2026-08-09
64,2,深圳市,南山区,深圳市南山人民医院,华中科技大学协和深圳医院,三级甲等,综合医院,https://www.sz.gov.cn/hospital/ns/hzkjdxxhszfy/content/post_9368260.html,深圳市南山区人民医院--深圳市南山区人民医院,,,,,C-仅官网待找入口,已找到官网-待补医生入口,低,深圳市南山人民医院 官方网站 官网 / 深圳市南山人民医院 官网 医生 专家 科室,https://html.duckduckgo.com/html/?q=%E6%B7%B1%E5%9C%B3%E5%B8%82%E5%8D%97%E5%B1%B1%E4%BA%BA%E6%B0%91%E5%8C%BB%E9%99%A2%20%E5%AE%98%E7%BD%91%20%E5%8C%BB%E7%94%9F%20%E4%B8%93%E5%AE%B6%20%E7%A7%91%E5%AE%A4,官网候选可能来自政府/行业信息页，需重点核验,人工打开官网首页，查找专家/医生/科室入口,,,2026-08-09
65,2,深圳市,福田区,深圳市妇幼保健院,深圳市妇幼保健院,三级甲等,综合医院,,,,,,,D-待人工补官网,未找到-待人工补充,未找到,深圳市妇幼保健院 官方网站 官网 / 深圳市妇幼保健院 官网 医生 专家 科室,,,人工补充官网首页,,,2026-08-09
66,2,深圳市,罗湖区,深圳市孙逸仙心血管医院,深圳市孙逸仙心血管医院,三级甲等,专科医院,https://www.fuwaisz.cn/public/,公众-中国医学科学院阜外医院深圳医院（深圳市孙逸仙心血管医院）,https://www.fuwaisz.cn/public/yhtd/ksjs/xxgnk/mz/index.html,疑似医生入口,可能,待确认,A-优先自动采集,自动候选-待人工复核,高,深圳市孙逸仙心血管医院 官方网站 官网,https://html.duckduckgo.com/html/?q=site%3Afuwaisz.cn%20%E6%B7%B1%E5%9C%B3%E5%B8%82%E5%AD%99%E9%80%B8%E4%BB%99%E5%BF%83%E8%A1%80%E7%AE%A1%E5%8C%BB%E9%99%A2%20%E5%8C%BB%E7%94%9F%20%E4%B8%93%E5%AE%B6%20%E7%A7%91%E5%AE%A4,,人工打开医生入口，确认是否覆盖全院,,,2026-08-09
67,2,深圳市,宝安区,深圳市宝安区中医院,深圳市宝安区中医院,三级甲等,综合医院,,,,,,,D-待人工补官网,未找到-待人工补充,未找到,深圳市宝安区中医院 官方网站 官网 / 深圳市宝安区中医院 官网 医生 专家 科室,,,人工补充官网首页,,,2026-08-09
68,2,深圳市,宝安区,深圳市宝安区人民医院,深圳市深圳宝安医院,三级甲等,综合医院,https://med.szu.edu.cn/baqrmyy,深圳市宝安区人民医院,,,,,C-仅官网待找入口,已找到官网-待补医生入口,高,深圳市宝安区人民医院 官方网站 官网,https://html.duckduckgo.com/html/?q=%E6%B7%B1%E5%9C%B3%E5%B8%82%E5%AE%9D%E5%AE%89%E5%8C%BA%E4%BA%BA%E6%B0%91%E5%8C%BB%E9%99%A2%20%E5%AE%98%E6%96%B9%E7%BD%91%E7%AB%99%20%E5%AE%98%E7%BD%91,,人工打开官网首页，查找专家/医生/科室入口,,,2026-08-09
69,2,深圳市,宝安区,深圳市宝安区妇幼保健院,深圳市宝安区妇幼保健院,三级甲等,专科医院,https://www.bawjxt.net/baqfybjy/ylts/zjjs/,专家介绍 - 深圳市宝安区妇幼保健院,https://www.bawjxt.net/baqfybjy/ylts/zjjs/,专家介绍,可能,待确认,A-优先自动采集,自动候选-待人工复核,中,深圳市宝安区妇幼保健院 官方网站 官网 / 深圳市宝安区妇幼保健院 官网 医生 专家 科室,https://html.duckduckgo.com/html/?q=%E6%B7%B1%E5%9C%B3%E5%B8%82%E5%AE%9D%E5%AE%89%E5%8C%BA%E5%A6%87%E5%B9%BC%E4%BF%9D%E5%81%A5%E9%99%A2%20%E5%AE%98%E7%BD%91%20%E5%8C%BB%E7%94%9F%20%E4%B8%93%E5%AE%B6%20%E7%A7%91%E5%AE%A4,,人工打开医生入口，确认是否覆盖全院,,,2026-08-09
70,2,深圳市,福田区,深圳市福田区中医院,广州中医药大学深圳医院,三级甲等,综合医院,https://www.szftzy.cn/,广州中医药大学深圳医院（福田）,,,,,C-仅官网待找入口,已找到官网-待补医生入口,高,深圳市福田区中医院 官方网站 官网,https://html.duckduckgo.com/html/?q=%E6%B7%B1%E5%9C%B3%E5%B8%82%E7%A6%8F%E7%94%B0%E5%8C%BA%E4%B8%AD%E5%8C%BB%E9%99%A2%20%E5%AE%98%E6%96%B9%E7%BD%91%E7%AB%99%20%E5%AE%98%E7%BD%91,,人工打开官网首页，查找专家/医生/科室入口,,,2026-08-09
71,2,深圳市,罗湖区,深圳市第三人民医院,"深圳市东湖医院,深圳市传染病医院,广东医学院附属深圳第三医院,深圳市肝病研究院",三级甲等,综合医院,,,,,,,D-待人工补官网,未找到-待人工补充,未找到,深圳市第三人民医院 官方网站 官网 / 深圳市第三人民医院 官网 医生 专家 科室,,,人工补充官网首页,,,2026-08-09
72,2,深圳市,福田区,深圳市第二人民医院,深圳市第二人民医院,三级甲等,综合医院,https://www.szrch.com.cn/,深圳市第二人民医院（深圳大学第一附属医院）,,,,,C-仅官网待找入口,已找到官网-待补医生入口,高,深圳市第二人民医院 官方网站 官网,https://html.duckduckgo.com/html/?q=%E6%B7%B1%E5%9C%B3%E5%B8%82%E7%AC%AC%E4%BA%8C%E4%BA%BA%E6%B0%91%E5%8C%BB%E9%99%A2%20%E5%AE%98%E6%96%B9%E7%BD%91%E7%AB%99%20%E5%AE%98%E7%BD%91,,人工打开官网首页，查找专家/医生/科室入口,,,2026-08-09
73,2,深圳市,龙岗区,深圳市龙岗中心医院,深圳市第九人民医院,三级甲等,综合医院,https://www.szlgzxyy.com/yygk/yyjj,医院简介_医院概况_深圳市龙岗中心医院,https://www.szlgzxyy.com/ksdh,科室导航,是,待确认,B-半自动采集,自动候选-待人工复核,中,深圳市龙岗中心医院 官方网站 官网,https://html.duckduckgo.com/html/?q=%E6%B7%B1%E5%9C%B3%E5%B8%82%E9%BE%99%E5%B2%97%E4%B8%AD%E5%BF%83%E5%8C%BB%E9%99%A2%20%E5%AE%98%E6%96%B9%E7%BD%91%E7%AB%99%20%E5%AE%98%E7%BD%91,,人工打开医生入口，确认是否覆盖全院,,,2026-08-09
74,2,深圳市,龙岗区,深圳市龙岗区人民医院,深圳市龙岗区人民医院,三级甲等,综合医院,https://www.sz.gov.cn/hospital/lgyy/qrmyy/content/post_12505400.html,深圳市龙岗区人民医院--龙岗区人民医院,,,,,C-仅官网待找入口,已找到官网-待补医生入口,低,深圳市龙岗区人民医院 官方网站 官网 / 深圳市龙岗区人民医院 官网 医生 专家 科室,https://html.duckduckgo.com/html/?q=%E6%B7%B1%E5%9C%B3%E5%B8%82%E9%BE%99%E5%B2%97%E5%8C%BA%E4%BA%BA%E6%B0%91%E5%8C%BB%E9%99%A2%20%E5%AE%98%E7%BD%91%20%E5%8C%BB%E7%94%9F%20%E4%B8%93%E5%AE%B6%20%E7%A7%91%E5%AE%A4,官网候选可能来自政府/行业信息页，需重点核验,人工打开官网首页，查找专家/医生/科室入口,,,2026-08-09
75,2,深圳市,罗湖区,深圳平乐骨伤科医院,深圳平乐骨伤科医院,三级甲等,专科医院,http://www.pingchuangyl.com/yiyuans/szplgskyy.html,深圳平乐骨伤科医院,,,,,C-仅官网待找入口,已找到官网-待补医生入口,中,深圳平乐骨伤科医院 官方网站 官网,https://html.duckduckgo.com/html/?q=%E6%B7%B1%E5%9C%B3%E5%B9%B3%E4%B9%90%E9%AA%A8%E4%BC%A4%E7%A7%91%E5%8C%BB%E9%99%A2%20%E5%AE%98%E6%96%B9%E7%BD%91%E7%AB%99%20%E5%AE%98%E7%BD%91,,人工打开官网首页，查找专家/医生/科室入口,,,2026-08-09
76,2,深圳市,罗湖区,深圳康宁医院,深圳精神卫生中心,三级甲等,专科医院,,,,,,,D-待人工补官网,未找到-待人工补充,未找到,深圳康宁医院 官方网站 官网 / 深圳康宁医院 官网 医生 专家 科室,,,人工补充官网首页,,,2026-08-09
77,2,深圳市,龙岗区,深圳龙城医院,深圳龙城医院,三级甲等,综合医院,,,,,,,D-待人工补官网,未找到-待人工补充,未找到,深圳龙城医院 官方网站 官网 / 深圳龙城医院 官网 医生 专家 科室,,,人工补充官网首页,,,2026-08-09
78,2,深圳市,罗湖区,罗湖区人民医院春风院区,罗湖区人民医院春风院区,三级甲等,综合医院,,,,,,,D-待人工补官网,未找到-待人工补充,未找到,罗湖区人民医院春风院区 官方网站 官网 / 罗湖区人民医院春风院区 官网 医生 专家 科室,,院区/分院条目需确认是否独立采集,人工补充官网首页,,,2026-08-09
79,3,佛山市,禅城区,佛山复星禅诚医院,佛山复星禅诚医院,三级甲等,综合医院,,,,,,,D-待人工补官网,未找到-待人工补充,未找到,佛山复星禅诚医院 官方网站 官网 / 佛山复星禅诚医院 官网 医生 专家 科室,,,人工补充官网首页,,,2026-08-09
80,3,佛山市,三水区,佛山市三水区人民医院,广东医学院附属三水医院,三级甲等,综合医院,https://www.sshospital.cn/html/YiYuanGaiKuang/gaikuang/,佛山市三水区人民医院-医院概况,https://www.sshospital.cn/html/YiYuanGaiKuang/YiShengShouJi_1163.html,医生目录,可能,待确认,A-优先自动采集,自动候选-待人工复核,中,佛山市三水区人民医院 官方网站 官网,https://html.duckduckgo.com/html/?q=%E4%BD%9B%E5%B1%B1%E5%B8%82%E4%B8%89%E6%B0%B4%E5%8C%BA%E4%BA%BA%E6%B0%91%E5%8C%BB%E9%99%A2%20%E5%AE%98%E6%96%B9%E7%BD%91%E7%AB%99%20%E5%AE%98%E7%BD%91,入口锚文本：医生手记,人工打开医生入口，确认是否覆盖全院,,,2026-08-09
81,3,佛山市,禅城区,佛山市中医院,佛山市中医院,三级甲等,综合医院,https://www.fshtcm.com.cn/,佛山市中医院,https://www.fshtcm.com.cn/zyy2023/ksdh/,科室导航,是,待确认,B-半自动采集,自动候选-待人工复核,高,佛山市中医院 官方网站 官网 / 佛山市中医院 官网 医生 专家 科室,https://html.duckduckgo.com/html/?q=%E4%BD%9B%E5%B1%B1%E5%B8%82%E4%B8%AD%E5%8C%BB%E9%99%A2%20%E5%AE%98%E7%BD%91%20%E5%8C%BB%E7%94%9F%20%E4%B8%93%E5%AE%B6%20%E7%A7%91%E5%AE%A4,,人工打开医生入口，确认是否覆盖全院,,,2026-08-09
82,3,佛山市,南海区,佛山市南海区中医院,广州中医药大学附属广东中西医结合医院,三级甲等,综合医院,,,,,,,D-待人工补官网,未找到-待人工补充,未找到,佛山市南海区中医院 官方网站 官网 / 佛山市南海区中医院 官网 医生 专家 科室,https://html.duckduckgo.com/html/?q=%E4%BD%9B%E5%B1%B1%E5%B8%82%E5%8D%97%E6%B5%B7%E5%8C%BA%E4%B8%AD%E5%8C%BB%E9%99%A2%20%E5%AE%98%E7%BD%91%20%E5%8C%BB%E7%94%9F%20%E4%B8%93%E5%AE%B6%20%E7%A7%91%E5%AE%A4,,人工补充官网首页,,,2026-08-09
83,3,佛山市,南海区,佛山市南海区人民医院,佛山市南海区人民医院,三级甲等,综合医院,,,,,,,D-待人工补官网,未找到-待人工补充,未找到,佛山市南海区人民医院 官方网站 官网 / 佛山市南海区人民医院 官网 医生 专家 科室,,,人工补充官网首页,,,2026-08-09
84,3,佛山市,禅城区,佛山市南海区人民医院,南方医科大学附属南海医院,三级甲等,综合医院,https://www.nhrmyy.com/Index.html,华南理工大学附属第六医院(佛山市南海区人民医院),https://www.nhrmyy.com/ylfw/Experts/,专家介绍,可能,待确认,A-优先自动采集,自动候选-待人工复核,中,佛山市南海区人民医院 官方网站 官网,https://html.duckduckgo.com/html/?q=%E4%BD%9B%E5%B1%B1%E5%B8%82%E5%8D%97%E6%B5%B7%E5%8C%BA%E4%BA%BA%E6%B0%91%E5%8C%BB%E9%99%A2%20%E5%AE%98%E6%96%B9%E7%BD%91%E7%AB%99%20%E5%AE%98%E7%BD%91,入口锚文本：专家介绍,人工打开医生入口，确认是否覆盖全院,,,2026-08-09
85,3,佛山市,南海区,佛山市南海区妇幼保健院,佛山市南海区妇幼保健院,三级甲等,专科医院,,,,,,,D-待人工补官网,未找到-待人工补充,未找到,佛山市南海区妇幼保健院 官方网站 官网 / 佛山市南海区妇幼保健院 官网 医生 专家 科室,,,人工补充官网首页,,,2026-08-09
86,3,佛山市,禅城区,佛山市妇幼保健院,广东省妇幼保健院佛山分院,三级甲等,专科医院,http://8.134.116.66:6001/index.html,网站首页-佛山市妇幼保健院,http://8.134.116.66:6001/Node-4.html,科室导航,是,待确认,B-半自动采集,自动候选-待人工复核,高,佛山市妇幼保健院 官方网站 官网,https://html.duckduckgo.com/html/?q=%E4%BD%9B%E5%B1%B1%E5%B8%82%E5%A6%87%E5%B9%BC%E4%BF%9D%E5%81%A5%E9%99%A2%20%E5%AE%98%E6%96%B9%E7%BD%91%E7%AB%99%20%E5%AE%98%E7%BD%91,入口锚文本：科室介绍departments,人工打开医生入口，确认是否覆盖全院,,,2026-08-09
87,3,佛山市,禅城区,佛山市第一人民医院,佛山市第一人民医院,三级甲等,综合医院,,,,,,,D-待人工补官网,未找到-待人工补充,未找到,佛山市第一人民医院 官方网站 官网 / 佛山市第一人民医院 官网 医生 专家 科室,,,人工补充官网首页,,,2026-08-09
88,3,佛山市,禅城区,佛山市第一人民医院肿瘤医院,佛山市第四人民医院,三级甲等,专科医院,,,,,,,D-待人工补官网,未找到-待人工补充,未找到,佛山市第一人民医院肿瘤医院 官方网站 官网 / 佛山市第一人民医院肿瘤医院 官网 医生 专家 科室,,,人工补充官网首页,,,2026-08-09
89,3,佛山市,禅城区,佛山市第二人民医院,佛山市第二人民医院,三级甲等,综合医院,https://www.fsey.com/ksdh,科室导航_佛山市第二人民医院,https://www.fsey.com/ksdh,科室导航,是,待确认,B-半自动采集,自动候选-待人工复核,高,佛山市第二人民医院 官方网站 官网 / 佛山市第二人民医院 官网 医生 专家 科室,https://html.duckduckgo.com/html/?q=%E4%BD%9B%E5%B1%B1%E5%B8%82%E7%AC%AC%E4%BA%8C%E4%BA%BA%E6%B0%91%E5%8C%BB%E9%99%A2%20%E5%AE%98%E7%BD%91%20%E5%8C%BB%E7%94%9F%20%E4%B8%93%E5%AE%B6%20%E7%A7%91%E5%AE%A4,,人工打开医生入口，确认是否覆盖全院,,,2026-08-09
90,3,佛山市,顺德区,佛山市顺德区第一人民医院,南方医科大学顺德医院,三级甲等,综合医院,https://www.sdrmyy.com/,南方医科大学第八附属医院,https://www.sdrmyy.com/a/1567.aspx,专家介绍,可能,待确认,A-优先自动采集,自动候选-待人工复核,中,佛山市顺德区第一人民医院 官方网站 官网,https://html.duckduckgo.com/html/?q=%E4%BD%9B%E5%B1%B1%E5%B8%82%E9%A1%BA%E5%BE%B7%E5%8C%BA%E7%AC%AC%E4%B8%80%E4%BA%BA%E6%B0%91%E5%8C%BB%E9%99%A2%20%E5%AE%98%E6%96%B9%E7%BD%91%E7%AB%99%20%E5%AE%98%E7%BD%91,入口锚文本：专家出诊一览表,人工打开医生入口，确认是否覆盖全院,,,2026-08-09
91,3,佛山市,顺德区,佛山市顺德医院,广州中医药大学顺德医院,三级甲等,综合医院,https://www.sddermyy.com/,暨南大学附属顺德医院-首页,,,,,C-仅官网待找入口,已找到官网-待补医生入口,中,佛山市顺德医院 官方网站 官网,https://html.duckduckgo.com/html/?q=%E4%BD%9B%E5%B1%B1%E5%B8%82%E9%A1%BA%E5%BE%B7%E5%8C%BB%E9%99%A2%20%E5%AE%98%E6%96%B9%E7%BD%91%E7%AB%99%20%E5%AE%98%E7%BD%91,,人工打开官网首页，查找专家/医生/科室入口,,,2026-08-09
92,3,佛山市,南海区,南海区第二人民医院,平洲医院,三级甲等,综合医院,,,,,,,D-待人工补官网,未找到-待人工补充,未找到,南海区第二人民医院 官方网站 官网 / 南海区第二人民医院 官网 医生 专家 科室,https://html.duckduckgo.com/html/?q=%E5%8D%97%E6%B5%B7%E5%8C%BA%E7%AC%AC%E4%BA%8C%E4%BA%BA%E6%B0%91%E5%8C%BB%E9%99%A2%20%E5%AE%98%E7%BD%91%20%E5%8C%BB%E7%94%9F%20%E4%B8%93%E5%AE%B6%20%E7%A7%91%E5%AE%A4,,人工补充官网首页,,,2026-08-09
93,3,佛山市,南海区,广东省中西医结合医院,佛山市南海区中医院,三级甲等,综合医院,http://www.nanhai.gov.cn/fsnhq/zwgk/zdlyxxgk/ylfw/yljggk/content/post_1075463.html,广东省中西医结合医院简介 | 佛山市南海区人民政府,,,,,C-仅官网待找入口,已找到官网-待补医生入口,低,广东省中西医结合医院 官方网站 官网,https://html.duckduckgo.com/html/?q=%E5%B9%BF%E4%B8%9C%E7%9C%81%E4%B8%AD%E8%A5%BF%E5%8C%BB%E7%BB%93%E5%90%88%E5%8C%BB%E9%99%A2%20%E5%AE%98%E6%96%B9%E7%BD%91%E7%AB%99%20%E5%AE%98%E7%BD%91,官网候选可能来自政府/行业信息页，需重点核验,人工打开官网首页，查找专家/医生/科室入口,,,2026-08-09
94,3,佛山市,南海区,广东省人民医院平洲分院,广东省人民医院平洲分院,三级甲等,综合医院,,,,,,,D-待人工补官网,未找到-待人工补充,未找到,广东省人民医院平洲分院 官方网站 官网 / 广东省人民医院平洲分院 官网 医生 专家 科室,,院区/分院条目需确认是否独立采集,人工补充官网首页,,,2026-08-09
95,3,佛山市,顺德区,广州中医药大学顺德医院,佛山市顺德区中医院,三级甲等,综合医院,,,,,,,D-待人工补官网,未找到-待人工补充,未找到,广州中医药大学顺德医院 官方网站 官网 / 广州中医药大学顺德医院 官网 医生 专家 科室,https://html.duckduckgo.com/html/?q=%E5%B9%BF%E5%B7%9E%E4%B8%AD%E5%8C%BB%E8%8D%AF%E5%A4%A7%E5%AD%A6%E9%A1%BA%E5%BE%B7%E5%8C%BB%E9%99%A2%20%E5%AE%98%E7%BD%91%20%E5%8C%BB%E7%94%9F%20%E4%B8%93%E5%AE%B6%20%E7%A7%91%E5%AE%A4,,人工补充官网首页,,,2026-08-09
96,3,佛山市,顺德区,顺德第一人民医院,南方医科大学顺德医院,三级甲等,综合医院,https://www.sdrmyy.com/Index.asp,南方医科大学顺德医院,https://www.sdrmyy.com/a/1203.aspx,医生目录,可能,待确认,A-优先自动采集,自动候选-待人工复核,中,顺德第一人民医院 官方网站 官网 / 顺德第一人民医院 官网 医生 专家 科室,https://html.duckduckgo.com/html/?q=%E9%A1%BA%E5%BE%B7%E7%AC%AC%E4%B8%80%E4%BA%BA%E6%B0%91%E5%8C%BB%E9%99%A2%20%E5%AE%98%E7%BD%91%20%E5%8C%BB%E7%94%9F%20%E4%B8%93%E5%AE%B6%20%E7%A7%91%E5%AE%A4,入口锚文本：医生手记,人工打开医生入口，确认是否覆盖全院,,,2026-08-09
97,4,东莞市,莞城区,东莞市中医院,东莞市中医院,三级甲等,综合医院,,,,,,,D-待人工补官网,未找到-待人工补充,未找到,东莞市中医院 官方网站 官网 / 东莞市中医院 官网 医生 专家 科室,,,人工补充官网首页,,,2026-08-09
98,4,东莞市,莞城区,东莞市人民医院,东莞市人民医院,三级甲等,综合医院,,,,,,,D-待人工补官网,未找到-待人工补充,未找到,东莞市人民医院 官方网站 官网 / 东莞市人民医院 官网 医生 专家 科室,,,人工补充官网首页,,,2026-08-09
99,4,东莞市,塘厦镇,东莞市塘厦医院,塘厦人民医院,三级甲等,综合医院,https://www.11467.com/dongguan/co/86032.htm,东莞市塘厦医院 - 顺企网,,,,,C-仅官网待找入口,已找到官网-待补医生入口,中,东莞市塘厦医院 官方网站 官网,https://html.duckduckgo.com/html/?q=%E4%B8%9C%E8%8E%9E%E5%B8%82%E5%A1%98%E5%8E%A6%E5%8C%BB%E9%99%A2%20%E5%AE%98%E6%96%B9%E7%BD%91%E7%AB%99%20%E5%AE%98%E7%BD%91,,人工打开官网首页，查找专家/医生/科室入口,,,2026-08-09
100,4,东莞市,虎门镇,东莞市太平人民医院,东莞市第五人民医院/东莞市滨海湾中心医院,三级甲等,综合医院,,,,,,,D-待人工补官网,未找到-待人工补充,未找到,东莞市太平人民医院 官方网站 官网 / 东莞市太平人民医院 官网 医生 专家 科室,https://html.duckduckgo.com/html/?q=%E4%B8%9C%E8%8E%9E%E5%B8%82%E5%A4%AA%E5%B9%B3%E4%BA%BA%E6%B0%91%E5%8C%BB%E9%99%A2%20%E5%AE%98%E7%BD%91%20%E5%8C%BB%E7%94%9F%20%E4%B8%93%E5%AE%B6%20%E7%A7%91%E5%AE%A4,,人工补充官网首页,,,2026-08-09
101,4,东莞市,莞城区,东莞市妇幼保健院,东莞市妇幼保健院,三级甲等,专科医院,https://m.dgbjy.com/,东莞市妇幼保健院,https://m.dgbjy.com/index.php?c=show&id=3,科室导航,是,待确认,B-半自动采集,自动候选-待人工复核,高,东莞市妇幼保健院 官方网站 官网,https://html.duckduckgo.com/html/?q=site%3Am.dgbjy.com%20%E4%B8%9C%E8%8E%9E%E5%B8%82%E5%A6%87%E5%B9%BC%E4%BF%9D%E5%81%A5%E9%99%A2%20%E5%8C%BB%E7%94%9F%20%E4%B8%93%E5%AE%B6%20%E7%A7%91%E5%AE%A4,,人工打开医生入口，确认是否覆盖全院,,,2026-08-09
102,4,东莞市,石龙镇,东莞市石龙人民医院,惠育医院/东莞市第三人民医院,三级甲等,综合医院,https://zyy.yilianmeiti.com/10729/doctor/,东莞市石龙人民医院专家_就医指南_医联媒体,https://zyy.yilianmeiti.com/10729/doctor/,医生目录,可能,待确认,A-优先自动采集,自动候选-待人工复核,中,东莞市石龙人民医院 官方网站 官网 / 东莞市石龙人民医院 官网 医生 专家 科室,https://html.duckduckgo.com/html/?q=%E4%B8%9C%E8%8E%9E%E5%B8%82%E7%9F%B3%E9%BE%99%E4%BA%BA%E6%B0%91%E5%8C%BB%E9%99%A2%20%E5%AE%98%E7%BD%91%20%E5%8C%BB%E7%94%9F%20%E4%B8%93%E5%AE%B6%20%E7%A7%91%E5%AE%A4,,人工打开医生入口，确认是否覆盖全院,,,2026-08-09
103,5,珠海市,香洲区,中山大学附属第五医院,中山五院,三级甲等,综合医院,https://www.sysu5.cn/,中山大学附属第五医院,https://www.sysu5.cn/medical-service/department-expert/doctor/category?category_target_id=All&combine=,医生目录,是,是,A-优先自动采集,已试点确认,高,中山大学附属第五医院 官方网站 官网,https://www.sysu5.cn/,已完成试点采集和Obsidian画像生成,可作为流程样板,,,2026-08-09
104,5,珠海市,吉大区,广东省中医院珠海医院,珠海市中医院,三级甲等,综合医院,https://www.gdhtcm.com/zh/about/index.html,医院介绍 - 珠海市中医院,https://www.gdhtcm.com/zh/expert/index_100000006437876.html,医生目录,可能,待确认,A-优先自动采集,自动候选-待人工复核,中,广东省中医院珠海医院 官方网站 官网,https://html.duckduckgo.com/html/?q=%E5%B9%BF%E4%B8%9C%E7%9C%81%E4%B8%AD%E5%8C%BB%E9%99%A2%E7%8F%A0%E6%B5%B7%E5%8C%BB%E9%99%A2%20%E5%AE%98%E6%96%B9%E7%BD%91%E7%AB%99%20%E5%AE%98%E7%BD%91,入口锚文本：我要找医生,人工打开医生入口，确认是否覆盖全院,,,2026-08-09
105,5,珠海市,香洲区,珠海市人民医院医疗集团,珠海市人民医院,三级甲等,综合医院,,,,,,,D-待人工补官网,未找到-待人工补充,未找到,珠海市人民医院医疗集团 官方网站 官网 / 珠海市人民医院医疗集团 官网 医生 专家 科室,,,人工补充官网首页,,,2026-08-09
106,5,珠海市,香洲区,珠海市妇幼保健院,珠海市妇幼保健院,三级甲等,综合医院,https://fuyou.cn/,珠海市妇幼保健院,,,,,C-仅官网待找入口,已找到官网-待补医生入口,中,珠海市妇幼保健院 官方网站 官网,https://html.duckduckgo.com/html/?q=%E7%8F%A0%E6%B5%B7%E5%B8%82%E5%A6%87%E5%B9%BC%E4%BF%9D%E5%81%A5%E9%99%A2%20%E5%AE%98%E6%96%B9%E7%BD%91%E7%AB%99%20%E5%AE%98%E7%BD%91,,人工打开官网首页，查找专家/医生/科室入口,,,2026-08-09
107,5,珠海市,香洲区,珠海市妇幼保健院(柠溪院区),珠海市妇幼保健院(柠溪院区),三级甲等,综合医院,,,,,,,D-待人工补官网,未找到-待人工补充,未找到,珠海市妇幼保健院 官方网站 官网 / 珠海市妇幼保健院 官网 医生 专家 科室,,院区/分院条目需确认是否独立采集,人工补充官网首页,,,2026-08-09
108,6,惠州市,惠城,惠州市中医医院,惠州市中医医院,三级甲等,综合医院,https://www.hzszyyy.com/,ҽҩѧҽԺҽҽԺٷվ,,,,,C-仅官网待找入口,已找到官网-待补医生入口,中,惠州市中医医院 官方网站 官网,https://html.duckduckgo.com/html/?q=%E6%83%A0%E5%B7%9E%E5%B8%82%E4%B8%AD%E5%8C%BB%E5%8C%BB%E9%99%A2%20%E5%AE%98%E6%96%B9%E7%BD%91%E7%AB%99%20%E5%AE%98%E7%BD%91,,人工打开官网首页，查找专家/医生/科室入口,,,2026-08-09
109,6,惠州市,惠城,惠州市中医医院(东江新城院区),惠州市中医医院(东江新城院区),三级甲等,综合医院,,,,,,,D-待人工补官网,未找到-待人工补充,未找到,惠州市中医医院 官方网站 官网 / 惠州市中医医院 官网 医生 专家 科室,,院区/分院条目需确认是否独立采集,人工补充官网首页,,,2026-08-09
110,6,惠州市,惠东,惠州市中心人民医院,惠州市中心人民医院,三级甲等,综合医院,,,,,,,D-待人工补官网,未找到-待人工补充,未找到,惠州市中心人民医院 官方网站 官网 / 惠州市中心人民医院 官网 医生 专家 科室,,,人工补充官网首页,,,2026-08-09
111,6,惠州市,惠城,惠州市第173医院,中国人民解放军第一七三医院,三级甲等,综合医院,,,,,,,D-待人工补官网,未找到-待人工补充,未找到,惠州市第173医院 官方网站 官网 / 惠州市第173医院 官网 医生 专家 科室,,,人工补充官网首页,,,2026-08-09
112,7,中山市,西区,中山市中医院,广州中医药大学中山附属医院,三级甲等,综合医院,,,,,,,D-待人工补官网,未找到-待人工补充,未找到,中山市中医院 官方网站 官网 / 中山市中医院 官网 医生 专家 科室,,,人工补充官网首页,,,2026-08-09
113,7,中山市,东区,中山市博爱医院,中山市妇幼保健院,三级甲等,综合医院,https://www.zsboai.com/,中山市博爱医院（中山市妇幼保健院）唯一官方网站,https://www.zsboai.com/expert/,专家介绍,可能,待确认,A-优先自动采集,自动候选-待人工复核,高,中山市博爱医院 官方网站 官网,https://html.duckduckgo.com/html/?q=%E4%B8%AD%E5%B1%B1%E5%B8%82%E5%8D%9A%E7%88%B1%E5%8C%BB%E9%99%A2%20%E5%AE%98%E6%96%B9%E7%BD%91%E7%AB%99%20%E5%AE%98%E7%BD%91,入口锚文本：医院专家,人工打开医生入口，确认是否覆盖全院,,,2026-08-09
114,8,江门市,蓬江,江门市中心医院,江门市中心医院,三级甲等,综合医院,https://www.jmszxyy.com.cn/,江门市中心医院,https://www.jmszxyy.com.cn/byjs/bydt/202607/t1077652.html,专家介绍,可能,待确认,A-优先自动采集,自动候选-待人工复核,中,江门市中心医院 官方网站 官网,https://html.duckduckgo.com/html/?q=%E6%B1%9F%E9%97%A8%E5%B8%82%E4%B8%AD%E5%BF%83%E5%8C%BB%E9%99%A2%20%E5%AE%98%E6%96%B9%E7%BD%91%E7%AB%99%20%E5%AE%98%E7%BD%91,入口锚文本：周末名医门诊 | 8月1日出诊专家名单来啦！,人工打开医生入口，确认是否覆盖全院,,,2026-08-09
115,8,江门市,蓬江,江门市五邑中医院,江门市五邑中医院互联网医院,三级甲等,综合医院,,,,,,,D-待人工补官网,未找到-待人工补充,未找到,江门市五邑中医院 官方网站 官网 / 江门市五邑中医院 官网 医生 专家 科室,,,人工补充官网首页,,,2026-08-09
116,9,肇庆市,端州县,肇庆市第一人民医院,肇庆市第一人民医院,三级甲等,综合医院,,,,,,,D-待人工补官网,未找到-待人工补充,未找到,肇庆市第一人民医院 官方网站 官网 / 肇庆市第一人民医院 官网 医生 专家 科室,,,人工补充官网首页,,,2026-08-09
