姓名,来源链接,状态,失败三态,照片链接,照片文件,字节数,SHA-256,宽,高,错误证据
易珍,http://www.gzzoc.org.cn/node/12767,实采,,http://www.gzzoc.org.cn/sites/zoc.live1.sysucloud2.sysu.edu.cn/files/styles/large_960_x_auto_/public/2024-10/yizhen_2.jpg?itok=DVZxrNdb,01_试点医院/中山大学中山眼科中心/照片/易珍-小儿眼病与眼遗传病科-主治医师-中山大学中山眼科中心.jpg,914893,ec52f840b1a1a9df9cef7d5acf54cfa80ad4723936353d1d6e20f92b8a372e23,960,1440,
原永广,http://www.gzzoc.org.cn/node/3195,实采,,http://www.gzzoc.org.cn/sites/zoc.live1.sysucloud2.sysu.edu.cn/files/styles/large_960_x_auto_/public/2022-04/%E5%8E%9F%E6%B0%B8%E5%B9%BF.jpg?itok=M1zI1PqV,01_试点医院/中山大学中山眼科中心/照片/原永广-斜视-主治医师-中山大学中山眼科中心.jpg,852250,c3462a66d31404cdd09ed6d4e245914f3b83ef5a99d045066e299f3089b1144b,960,1440,
吴河坪,http://www.gzzoc.org.cn/node/3188,实采,,http://www.gzzoc.org.cn/sites/zoc.live1.sysucloud2.sysu.edu.cn/files/styles/large_960_x_auto_/public/2022-09/%E5%90%B4%E6%B2%B3%E5%9D%AA.jpg?itok=vBwZtvBA,01_试点医院/中山大学中山眼科中心/照片/吴河坪-斜视-副主任医师-中山大学中山眼科中心.jpg,449789,962424f7baeff6acf08b5f341107279344945d7716db029e144ed679fb277742,960,960,
文芸,http://www.gzzoc.org.cn/node/3199,实采,,http://www.gzzoc.org.cn/sites/zoc.live1.sysucloud2.sysu.edu.cn/files/styles/large_960_x_auto_/public/2024-01/_cgi-bin_mmwebwx-bin_webwxgetmsgimg_msgid4458145099124081103skeycrypt_bc07f56c_cd89cf310c16e697ccf86707aaad4efammweb_appidwx_webfilehelper.jpg?itok=6HauvlKQ,01_试点医院/中山大学中山眼科中心/照片/文芸-斜视-主治医师-中山大学中山眼科中心.jpg,491269,fecb654a5528a08cbf12ac68565640a77a740d5913e8c0b0643c065650514871,960,960,
李劲嵘,http://www.gzzoc.org.cn/node/3192,实采,,http://www.gzzoc.org.cn/sites/zoc.live1.sysucloud2.sysu.edu.cn/files/styles/large_960_x_auto_/public/2022-09/%E6%9D%8E%E5%8A%B2%E5%B5%98.png?itok=KShWoy97,01_试点医院/中山大学中山眼科中心/照片/李劲嵘-斜视-教授-中山大学中山眼科中心.png,797148,bbd076b3210f667fd9967c60f57817740f39bd6260d7eec638c243bd48fee47b,960,1206,
桑璇,http://www.gzzoc.org.cn/node/14192,实采,,http://www.gzzoc.org.cn/sites/zoc.live1.sysucloud2.sysu.edu.cn/files/styles/large_960_x_auto_/public/2026-03/sangxuangongzuozhaobanshenzhao2.jpg?itok=LZQ16-G1,01_试点医院/中山大学中山眼科中心/照片/桑璇-斜视-主治医师-中山大学中山眼科中心.jpg,323027,1629e0285cbc6fe096633ed2ea9fbbbf1f62405d23d12c50410b1adf2e1b3bd5,960,1404,
汪瑞昕,http://www.gzzoc.org.cn/node/14428,实采,,http://www.gzzoc.org.cn/sites/zoc.live1.sysucloud2.sysu.edu.cn/files/styles/large_960_x_auto_/public/2026-06/wangruixin.png?itok=CI_MXe_p,01_试点医院/中山大学中山眼科中心/照片/汪瑞昕-斜视-副主任医师-中山大学中山眼科中心.png,1492859,35445a856d777e08672ab18274ef665400836c4fe702a94ec91bb7d3a9474801,960,1280,
邱璇,http://www.gzzoc.org.cn/node/3190,实采,,http://www.gzzoc.org.cn/sites/zoc.live1.sysucloud2.sysu.edu.cn/files/styles/large_960_x_auto_/public/2022-04/%E9%82%B1%E7%92%87.jpg?itok=uAuR3dmD,01_试点医院/中山大学中山眼科中心/照片/邱璇-斜视-副主任医师-中山大学中山眼科中心.jpg,782136,3d68a138fd2bf3edc8966c7fb0a1ca66e71976f8c77f82a9e3b16c8e484b6a4a,960,1440,
陈冲林,http://www.gzzoc.org.cn/node/3198,实采,,http://www.gzzoc.org.cn/sites/zoc.live1.sysucloud2.sysu.edu.cn/files/styles/large_960_x_auto_/public/2022-09/%E9%99%88%E5%86%B2%E6%9E%97.jpg?itok=CFctjSjj,01_试点医院/中山大学中山眼科中心/照片/陈冲林-斜视-主治医师-中山大学中山眼科中心.jpg,767429,1c45d365e52fe44a55f89bddd61d43b204e45061c34c6e9506cdb747e3bad56f,960,1440,
颜建华,http://www.gzzoc.org.cn/node/3189,实采,,http://www.gzzoc.org.cn/sites/zoc.live1.sysucloud2.sysu.edu.cn/files/styles/large_960_x_auto_/public/2022-04/%E9%A2%9C%E5%BB%BA%E5%8D%8E.jpg?itok=sNC-Ntk_,01_试点医院/中山大学中山眼科中心/照片/颜建华-斜视-主任医师-中山大学中山眼科中心.jpg,783168,d9651c02c07e7c5e281f33987c83c31009bb9a5260fc5e291e42601be47a66b4,960,1440,
付月,http://www.gzzoc.org.cn/node/3163,实采,,http://www.gzzoc.org.cn/sites/zoc.live1.sysucloud2.sysu.edu.cn/files/styles/large_960_x_auto_/public/2022-04/%E4%BB%98%E6%9C%88.jpg?itok=Gl0-plIl,01_试点医院/中山大学中山眼科中心/照片/付月-玻璃体-主治医师-中山大学中山眼科中心.jpg,848733,a76b9f6068067b4081b7b036fab774f7b1b60191311f858a2f294b3ec89d7002,960,1440,
吉宇莹,http://www.gzzoc.org.cn/node/3161,实采,,http://www.gzzoc.org.cn/sites/zoc.live1.sysucloud2.sysu.edu.cn/files/styles/large_960_x_auto_/public/2022-04/%E5%90%89%E5%AE%87%E8%8E%B9.jpg?itok=2QQ8uooa,01_试点医院/中山大学中山眼科中心/照片/吉宇莹-玻璃体-主治医师-中山大学中山眼科中心.jpg,779699,8c7edf8d0b9c76090d41ce6795381845c0fca8f5990f8ad95dfad88d2294b38d,960,1440,
周孝来,http://www.gzzoc.org.cn/node/6532,实采,,http://www.gzzoc.org.cn/sites/zoc.live1.sysucloud2.sysu.edu.cn/files/styles/large_960_x_auto_/public/2023-05/zhouxiaolai-baidaguadiaoliang.jpg?itok=zf-0AT9Z,01_试点医院/中山大学中山眼科中心/照片/周孝来-玻璃体-研究员-中山大学中山眼科中心.jpg,969536,60f54525ce5a5dab05ffb132e1367242d04fb6e4d3540d37800e7f6e712f26a2,960,1440,
周立军,http://www.gzzoc.org.cn/node/3169,实采,,http://www.gzzoc.org.cn/sites/zoc.live1.sysucloud2.sysu.edu.cn/files/styles/large_960_x_auto_/public/2022-09/%E5%91%A8%E7%AB%8B%E5%86%9B.jpg?itok=L5ocdqrL,01_试点医院/中山大学中山眼科中心/照片/周立军-玻璃体-主治医师-中山大学中山眼科中心.jpg,320160,44c3536c9660c4f4ee0c96532a0457b47d6d64442a6ec58c6ee1028ca098dff0,960,960,
徐晓宇,http://www.gzzoc.org.cn/node/3136,实采,,http://www.gzzoc.org.cn/sites/zoc.live1.sysucloud2.sysu.edu.cn/files/styles/large_960_x_auto_/public/2022-04/%E5%BE%90%E6%99%93%E5%AE%87.jpg?itok=VGHdDpKW,01_试点医院/中山大学中山眼科中心/照片/徐晓宇-玻璃体-副主任医师-中山大学中山眼科中心.jpg,834220,717c6b4c9bb0fa400e9843536106b0df80dafd86e3dce46a8464199b0a44e112,960,1440,
杨晖,http://www.gzzoc.org.cn/node/3137,实采,,http://www.gzzoc.org.cn/sites/zoc.live1.sysucloud2.sysu.edu.cn/files/styles/large_960_x_auto_/public/2022-04/%E6%9D%A8%E6%99%96.jpg?itok=fkUmxDNQ,01_试点医院/中山大学中山眼科中心/照片/杨晖-玻璃体-主任医师-中山大学中山眼科中心.jpg,705771,660b3ac2328985712d9fc0bc726a0c86af0a450b4384c3fa8622a68edf88f326,960,1440,
林英,http://www.gzzoc.org.cn/node/3181,实采,,http://www.gzzoc.org.cn/sites/zoc.live1.sysucloud2.sysu.edu.cn/files/styles/large_960_x_auto_/public/2022-04/%E6%9E%97%E8%8B%B1.jpg?itok=ZI10-SxF,01_试点医院/中山大学中山眼科中心/照片/林英-玻璃体-主任医师-中山大学中山眼科中心.jpg,1106679,33d2514b11fce8fddf8566050f3c7b7d89259a2571715eaa879ff8c1df531d9f,960,1440,
米兰,http://www.gzzoc.org.cn/node/3167,实采,,http://www.gzzoc.org.cn/sites/zoc.live1.sysucloud2.sysu.edu.cn/files/styles/large_960_x_auto_/public/2022-04/%E7%B1%B3%E5%85%B0.jpg?itok=gnU_jNxs,01_试点医院/中山大学中山眼科中心/照片/米兰-玻璃体-主治医师-中山大学中山眼科中心.jpg,739998,b20ecfe200b8f0eea44da7047e307f52d33e7c468087674ba1f81b7edd0ffbd3,960,1440,
肖欧,http://www.gzzoc.org.cn/node/3165,实采,,http://www.gzzoc.org.cn/sites/zoc.live1.sysucloud2.sysu.edu.cn/files/styles/large_960_x_auto_/public/2022-04/%E8%82%96%E6%AC%A7.jpg?itok=P9ARfQGH,01_试点医院/中山大学中山眼科中心/照片/肖欧-玻璃体-主治医师-中山大学中山眼科中心.jpg,860531,253e3c0a166da9d1f59dbf97e6e947e928f01988dd458fe6ce2fda1f38940e31,960,1440,
邓飞,http://www.gzzoc.org.cn/node/3164,实采,,http://www.gzzoc.org.cn/sites/zoc.live1.sysucloud2.sysu.edu.cn/files/styles/large_960_x_auto_/public/2022-04/%E9%82%93%E9%A3%9E.jpg?itok=ErGodthC,01_试点医院/中山大学中山眼科中心/照片/邓飞-玻璃体-主治医师-中山大学中山眼科中心.jpg,829525,5047451816ce4d5796e80b40d7eed4864a8be3ffeb1ce7139e4c86ec54f1046b,960,1440,
钟晓菁,http://www.gzzoc.org.cn/node/3133,实采,,http://www.gzzoc.org.cn/sites/zoc.live1.sysucloud2.sysu.edu.cn/files/styles/large_960_x_auto_/public/2024-07/zhongxiaojing.png?itok=kyKsuwki,01_试点医院/中山大学中山眼科中心/照片/钟晓菁-玻璃体-助理研究员-中山大学中山眼科中心.png,410932,c3e866e46cc5c1f428c7df9efa037aecb3d47b3e9a7f52a0d745d6d9cdf9348c,960,1120,
钟秀风,http://www.gzzoc.org.cn/node/12283,实采,,http://www.gzzoc.org.cn/sites/zoc.live1.sysucloud2.sysu.edu.cn/files/styles/large_960_x_auto_/public/2024-01/zhongxiufengjiaoshouzhaopian.jpg?itok=kLGdqVas,01_试点医院/中山大学中山眼科中心/照片/钟秀风-玻璃体-教授-中山大学中山眼科中心.jpg,819970,3af5b7a55b072a445aa5f66463b89489631c14eefd27d71c59a41ce163fb56d3,960,1440,
黄创新,http://www.gzzoc.org.cn/node/3138,实采,,http://www.gzzoc.org.cn/sites/zoc.live1.sysucloud2.sysu.edu.cn/files/styles/large_960_x_auto_/public/2022-11/huangchuangxin_2.png?itok=GEr-Y1iq,01_试点医院/中山大学中山眼科中心/照片/黄创新-玻璃体-副主任医师-中山大学中山眼科中心.png,688225,0a4d6d8a1d5faac980717f0b8103f4aa75540ef8f468c6a7df77cd283a4c22f4,960,1440,
罗燕,http://www.gzzoc.org.cn/node/3160,实采,,http://www.gzzoc.org.cn/sites/zoc.live1.sysucloud2.sysu.edu.cn/files/styles/large_960_x_auto_/public/2022-04/%E7%BD%97%E7%87%95.jpg?itok=SzeOEd49,01_试点医院/中山大学中山眼科中心/照片/罗燕-玻璃体-教授-中山大学中山眼科中心.jpg,820655,980b466e963309de8f6d9040da99e6a8bd2578207194973c7faa765cdbf26e74,960,1440,
何嫦,http://www.gzzoc.org.cn/node/3274,实采,,http://www.gzzoc.org.cn/sites/zoc.live1.sysucloud2.sysu.edu.cn/files/styles/large_960_x_auto_/public/2022-09/%E4%BD%95%E5%AB%A6.jpg?itok=LmfEABle,01_试点医院/中山大学中山眼科中心/照片/何嫦-白内障-副主任医师-中山大学中山眼科中心.jpg,1201593,cbae7e5d9503e0c6dd2fb0d259df462b6296851efcf152800f6bbc17fb6d237e,960,1440,
刘奕志,http://www.gzzoc.org.cn/node/3257,实采,,http://www.gzzoc.org.cn/sites/zoc.live1.sysucloud2.sysu.edu.cn/files/styles/large_960_x_auto_/public/2022-12/zhaopian.jpg?itok=5hlsvHOm,01_试点医院/中山大学中山眼科中心/照片/刘奕志-白内障-教授-中山大学中山眼科中心.jpg,609893,05d450d6fca252fff2b969567b5f57dd9147431466bb6152bfe16090551754e4,960,1440,
刘臻臻,http://www.gzzoc.org.cn/node/3256,实采,,http://www.gzzoc.org.cn/sites/zoc.live1.sysucloud2.sysu.edu.cn/files/styles/large_960_x_auto_/public/2022-04/%E5%88%98%E8%87%BB%E8%87%BB.jpg?itok=D2z0JwxS,01_试点医院/中山大学中山眼科中心/照片/刘臻臻-白内障-主任医师-中山大学中山眼科中心.jpg,976048,6bdbc94b1fc16c200f4092cd72053fd1afe03ae6ecd1aeb16461c97023ea41cb,960,1440,
向武,http://www.gzzoc.org.cn/node/3156,实采,,http://www.gzzoc.org.cn/sites/zoc.live1.sysucloud2.sysu.edu.cn/files/styles/large_960_x_auto_/public/2022-04/%E5%90%91%E6%AD%A6.jpg?itok=tPP65mSJ,01_试点医院/中山大学中山眼科中心/照片/向武-白内障-副主任医师-中山大学中山眼科中心.jpg,757277,fbeefcdced3090f6869ff0ec6d179f509034f6b9506652e5a076835ac07186af,960,1350,
吴明星,http://www.gzzoc.org.cn/node/3262,实采,,http://www.gzzoc.org.cn/sites/zoc.live1.sysucloud2.sysu.edu.cn/files/styles/large_960_x_auto_/public/2022-04/%E5%90%B4%E6%98%8E%E6%98%9F.jpg?itok=5K6X9a_R,01_试点医院/中山大学中山眼科中心/照片/吴明星-白内障-教授-中山大学中山眼科中心.jpg,798824,3fa02c086cfdbad6069f2183a7621661bded38727d2eb2ce4c49f7c829ef3f46,960,1440,
吴晓航,http://www.gzzoc.org.cn/node/3275,实采,,http://www.gzzoc.org.cn/sites/zoc.live1.sysucloud2.sysu.edu.cn/files/styles/large_960_x_auto_/public/2022-04/%E5%90%B4%E6%99%93%E8%88%AA.jpg?itok=xyF3Jv2R,01_试点医院/中山大学中山眼科中心/照片/吴晓航-白内障-副主任医师-中山大学中山眼科中心.jpg,752285,cfa6508608fd8dec09fa56eaa2bf5cef58b4761872c8f95b96c0dc2587637699,960,1440,
曹乾忠,http://www.gzzoc.org.cn/node/3271,实采,,http://www.gzzoc.org.cn/sites/zoc.live1.sysucloud2.sysu.edu.cn/files/styles/large_960_x_auto_/public/2022-04/%E6%9B%B9%E4%B9%BE%E5%BF%A0.jpg?itok=itSrbSgr,01_试点医院/中山大学中山眼科中心/照片/曹乾忠-白内障-副主任医师-中山大学中山眼科中心.jpg,1057394,c789f341ec3a2307e1bf0a83d391621fabc933c9db199cf6e8c17cac9fab506b,960,1440,
柳夏林,http://www.gzzoc.org.cn/node/3264,实采,,http://www.gzzoc.org.cn/sites/zoc.live1.sysucloud2.sysu.edu.cn/files/styles/large_960_x_auto_/public/2022-04/%E6%9F%B3%E5%A4%8F%E6%9E%97.jpg?itok=lyw_m45f,01_试点医院/中山大学中山眼科中心/照片/柳夏林-白内障-教授-中山大学中山眼科中心.jpg,993810,90dc6377a6ba3078b05e8848cd4e1d788919657801b83eab5d44f7b78d93d410,960,1440,
程冰,http://www.gzzoc.org.cn/node/3258,实采,,http://www.gzzoc.org.cn/sites/zoc.live1.sysucloud2.sysu.edu.cn/files/styles/large_960_x_auto_/public/2022-04/%E7%A8%8B%E5%86%B0.jpg?itok=OnjuvJTm,01_试点医院/中山大学中山眼科中心/照片/程冰-白内障-主任医师-中山大学中山眼科中心.jpg,951229,e32895d24f1da7c6e18ec39b7166247a2914017316f70067ad741957e0a3df25,960,1440,
罗莉霞,http://www.gzzoc.org.cn/node/3265,实采,,http://www.gzzoc.org.cn/sites/zoc.live1.sysucloud2.sysu.edu.cn/files/styles/large_960_x_auto_/public/2022-04/%E7%BD%97%E8%8E%89%E9%9C%9E.jpg?itok=8693G1nu,01_试点医院/中山大学中山眼科中心/照片/罗莉霞-白内障-教授-中山大学中山眼科中心.jpg,912528,5c10211883b1f5f69691f2cb42118d14ba2b993f3b97bdf4043500f8efdb0a44,960,1440,
范舒欣,http://www.gzzoc.org.cn/node/3277,实采,,http://www.gzzoc.org.cn/sites/zoc.live1.sysucloud2.sysu.edu.cn/files/styles/large_960_x_auto_/public/2022-04/%E8%8C%83%E8%88%92%E6%AC%A3.jpg?itok=5hsqsGpf,01_试点医院/中山大学中山眼科中心/照片/范舒欣-白内障-主治医师-中山大学中山眼科中心.jpg,807932,e3a1f39dfedcc94589123658961804734116abf29c77e706d23ba7830a921a59,960,1440,
郑丹莹,http://www.gzzoc.org.cn/node/3260,实采,,http://www.gzzoc.org.cn/sites/zoc.live1.sysucloud2.sysu.edu.cn/files/styles/large_960_x_auto_/public/2022-09/%E9%83%91%E4%B8%B9%E8%8E%B9.jpg?itok=Zt24NkjY,01_试点医院/中山大学中山眼科中心/照片/郑丹莹-白内障-教授-中山大学中山眼科中心.jpg,807451,f8d57944c79bc92f49a473ad703b2e0965ccfdad9e6640e37280ba913549f733,960,1440,
陈伟蓉,http://www.gzzoc.org.cn/node/3259,实采,,http://www.gzzoc.org.cn/sites/zoc.live1.sysucloud2.sysu.edu.cn/files/styles/large_960_x_auto_/public/2022-04/%E9%99%88%E4%BC%9F%E8%93%89.jpg?itok=P6JmlSII,01_试点医院/中山大学中山眼科中心/照片/陈伟蓉-白内障-教授-中山大学中山眼科中心.jpg,909647,7a7d047f8c99c3a9ac8e8e1739b200365cb87f58ea27e96e9fe3a8d2407045ae,960,1440,
陈卉,http://www.gzzoc.org.cn/node/3270,实采,,http://www.gzzoc.org.cn/sites/zoc.live1.sysucloud2.sysu.edu.cn/files/styles/large_960_x_auto_/public/2022-04/%E9%99%88%E5%8D%89.jpg?itok=0nTuL29q,01_试点医院/中山大学中山眼科中心/照片/陈卉-白内障-主任医师-中山大学中山眼科中心.jpg,1056450,7aaba7ad306168169b0482eac3c2ec8a2fc33382e416e550f0a50dcfc0adec25,960,1440,
靳光明,http://www.gzzoc.org.cn/node/3292,实采,,http://www.gzzoc.org.cn/sites/zoc.live1.sysucloud2.sysu.edu.cn/files/styles/large_960_x_auto_/public/2022-04/%E9%9D%B3%E5%85%89%E6%98%8E.jpg?itok=ieysAxHn,01_试点医院/中山大学中山眼科中心/照片/靳光明-白内障-副主任医师-中山大学中山眼科中心.jpg,799116,385e4ce6b51906831168f69a5bc4f59dd594a2b28aea8574617ebd7a51a60c5a,960,1440,
黄圣松,http://www.gzzoc.org.cn/node/3263,实采,,http://www.gzzoc.org.cn/sites/zoc.live1.sysucloud2.sysu.edu.cn/files/styles/large_960_x_auto_/public/2022-09/%E9%BB%84%E5%9C%A3%E6%9D%BE.jpg?itok=UshyRXjT,01_试点医院/中山大学中山眼科中心/照片/黄圣松-白内障-主任医师-中山大学中山眼科中心.jpg,488326,559d2dc5ef4a3569c4f89e55066c584e065ab20f62ae3d14c5775ebc16a3357c,960,960,
戴烨,http://www.gzzoc.org.cn/node/3119,实采,,http://www.gzzoc.org.cn/sites/zoc.live1.sysucloud2.sysu.edu.cn/files/styles/large_960_x_auto_/public/2022-04/%E6%88%B4%E7%83%A8.jpg?itok=ynZOKAn9,01_试点医院/中山大学中山眼科中心/照片/戴烨-眼免疫与葡萄膜炎-副主任医师-中山大学中山眼科中心.jpg,784141,d99e25fffc07d929d42f852c30f829e4a436c6f7118ca635bee01c363416050b,960,1440,
梁丹,http://www.gzzoc.org.cn/node/3116,实采,,http://www.gzzoc.org.cn/sites/zoc.live1.sysucloud2.sysu.edu.cn/files/styles/large_960_x_auto_/public/2022-04/%E6%A2%81%E4%B8%B9.jpg?itok=_4_dl90V,01_试点医院/中山大学中山眼科中心/照片/梁丹-眼免疫与葡萄膜炎-教授-中山大学中山眼科中心.jpg,873097,3f6789ebce7059bfad25a70c6e3a6da5bf3b5b9a5b4784951f3c99653e26f943,960,1440,
潘媛,http://www.gzzoc.org.cn/node/3120,实采,,http://www.gzzoc.org.cn/sites/zoc.live1.sysucloud2.sysu.edu.cn/files/styles/large_960_x_auto_/public/2022-04/%E6%BD%98%E5%AA%9B.jpg?itok=no-DqN49,01_试点医院/中山大学中山眼科中心/照片/潘媛-眼免疫与葡萄膜炎-副主任医师-中山大学中山眼科中心.jpg,836467,75f564dde033532c6115126f0f15cad2db3cb53eda26d3cebdad8c121ecc6a26,960,1440,
陈晓卿,http://www.gzzoc.org.cn/node/3121,实采,,http://www.gzzoc.org.cn/sites/zoc.live1.sysucloud2.sysu.edu.cn/files/styles/large_960_x_auto_/public/2022-04/%E9%99%88%E6%99%93%E5%8D%BF.jpg?itok=SunLHh9z,01_试点医院/中山大学中山眼科中心/照片/陈晓卿-眼免疫与葡萄膜炎-副主任医师-中山大学中山眼科中心.jpg,805575,aa573dacefd2fc2c82aa2fd1f0f2e9cd1160d6d9ca571dad3ecac1950b8d34e3,960,1440,
于珊珊,http://www.gzzoc.org.cn/node/3182,实采,,http://www.gzzoc.org.cn/sites/zoc.live1.sysucloud2.sysu.edu.cn/files/styles/large_960_x_auto_/public/2022-04/%E4%BA%8E%E7%8F%8A%E7%8F%8A.jpg?itok=SBLuJwWZ,01_试点医院/中山大学中山眼科中心/照片/于珊珊-眼底疾病-副主任医师-中山大学中山眼科中心.jpg,841025,6736a2bfef4ca94fdccbeae2b8e33b4f3e3c2288f17091335dc0ec61bb923d2d,960,1440,
余曦灵,http://www.gzzoc.org.cn/node/3151,实采,,http://www.gzzoc.org.cn/sites/zoc.live1.sysucloud2.sysu.edu.cn/files/styles/large_960_x_auto_/public/2022-04/%E4%BD%99%E6%9B%A6%E7%81%B5.jpg?itok=QhViR1D2,01_试点医院/中山大学中山眼科中心/照片/余曦灵-眼底疾病-副主任医师-中山大学中山眼科中心.jpg,793264,a5ce17838c2fdfbf0397af2f0a4a36bef53449c8d65e86ad99431d6aeea13b76,960,1374,
刘炳乾,http://www.gzzoc.org.cn/node/3149,实采,,http://www.gzzoc.org.cn/sites/zoc.live1.sysucloud2.sysu.edu.cn/files/styles/large_960_x_auto_/public/2022-04/%E5%88%98%E7%82%B3%E4%B9%BE.jpg?itok=8hUF8SEP,01_试点医院/中山大学中山眼科中心/照片/刘炳乾-眼底疾病-主任医师-中山大学中山眼科中心.jpg,758619,027cf19c4818d15a8b5ada5627bbd44d4b53a438afa0451f4f7dda17d6593bd9,960,1362,
吴向华,http://www.gzzoc.org.cn/node/3152,实采,,http://www.gzzoc.org.cn/sites/zoc.live1.sysucloud2.sysu.edu.cn/files/styles/large_960_x_auto_/public/2022-04/%E5%90%B4%E5%90%91%E5%8D%8E.jpg?itok=p-iYYPik,01_试点医院/中山大学中山眼科中心/照片/吴向华-眼底疾病-主治医师-中山大学中山眼科中心.jpg,786847,e9132ca0e790ff3da9a84da3d1cb7fd18985f662066de71aec25a9030bf8adc4,960,1388,
孙立梅,http://www.gzzoc.org.cn/node/3201,实采,,http://www.gzzoc.org.cn/sites/zoc.live1.sysucloud2.sysu.edu.cn/files/styles/large_960_x_auto_/public/2022-04/%E5%AD%99%E7%AB%8B%E6%A2%85.jpg?itok=XIProwNA,01_试点医院/中山大学中山眼科中心/照片/孙立梅-眼底疾病-副主任医师-中山大学中山眼科中心.jpg,793168,9dedd28fe8cc9f5763a0c125cb96808fbe1a70caf572191b9d0074cf818e505f,960,1440,
张婷,http://www.gzzoc.org.cn/node/3290,实采,,http://www.gzzoc.org.cn/sites/zoc.live1.sysucloud2.sysu.edu.cn/files/styles/large_960_x_auto_/public/2022-04/%E5%BC%A0%E5%A9%B7.jpg?itok=SsFGqLBv,01_试点医院/中山大学中山眼科中心/照片/张婷-眼底疾病-副主任医师-中山大学中山眼科中心.jpg,743628,dbc9f41cf1fc45a113d5f37287e9172f7f7d6d9a9e5eb1c1b4a88bbc1551c3d2,960,1337,
张钊填,http://www.gzzoc.org.cn/node/3144,实采,,http://www.gzzoc.org.cn/sites/zoc.live1.sysucloud2.sysu.edu.cn/files/styles/large_960_x_auto_/public/2022-04/%E5%BC%A0%E9%92%8A%E5%A1%AB.jpg?itok=GzFzutnw,01_试点医院/中山大学中山眼科中心/照片/张钊填-眼底疾病-副主任医师-中山大学中山眼科中心.jpg,785049,2b9229db2d77ff6de9c84f2f8b453dd779e8853b2bb2d720735e5329a41bcac5,960,1440,
徐正杰,http://www.gzzoc.org.cn/node/3145,实采,,http://www.gzzoc.org.cn/sites/zoc.live1.sysucloud2.sysu.edu.cn/files/styles/large_960_x_auto_/public/2022-04/%E5%BE%90%E6%AD%A3%E6%9D%B0.jpg?itok=7F7qjfMU,01_试点医院/中山大学中山眼科中心/照片/徐正杰-眼底疾病-主治医师-中山大学中山眼科中心.jpg,793810,9287f26b1690bf1a137fed7813c01bf53671a3ed04f061f489df3a9a88204e91,960,1413,
李加青,http://www.gzzoc.org.cn/node/3171,实采,,http://www.gzzoc.org.cn/sites/zoc.live1.sysucloud2.sysu.edu.cn/files/styles/large_960_x_auto_/public/2022-04/%E6%9D%8E%E5%8A%A0%E9%9D%92.jpg?itok=WCF8NOya,01_试点医院/中山大学中山眼科中心/照片/李加青-眼底疾病-主任医师-中山大学中山眼科中心.jpg,705302,8a4059e39a4bbbcdde7bce80af36f4d12eef0fae3af46fe0fef12b6b49e8066e,960,1380,
李治玺,http://www.gzzoc.org.cn/node/3146,实采,,http://www.gzzoc.org.cn/sites/zoc.live1.sysucloud2.sysu.edu.cn/files/styles/large_960_x_auto_/public/2022-04/%E6%9D%8E%E6%B2%BB%E7%8E%BA.jpg?itok=IA_xCbx4,01_试点医院/中山大学中山眼科中心/照片/李治玺-眼底疾病-副主任医师-中山大学中山眼科中心.jpg,769365,bd712544809b7a3954f24302aab792dfaaf793cef27202d392cbb75021565f49,960,1440,
李涛,http://www.gzzoc.org.cn/node/3142,实采,,http://www.gzzoc.org.cn/sites/zoc.live1.sysucloud2.sysu.edu.cn/files/styles/large_960_x_auto_/public/2022-04/%E6%9D%8E%E6%B6%9B.jpg?itok=9Dipk7Mf,01_试点医院/中山大学中山眼科中心/照片/李涛-眼底疾病-教授-中山大学中山眼科中心.jpg,782268,a2fe7e5d5d502b816987faaaaf173e9024e7249001671613df92e12d37cb74f2,960,1440,
梁小玲,http://www.gzzoc.org.cn/node/3179,实采,,http://www.gzzoc.org.cn/sites/zoc.live1.sysucloud2.sysu.edu.cn/files/styles/large_960_x_auto_/public/2022-04/%E6%A2%81%E5%B0%8F%E7%8E%B2.jpg?itok=Se1s2RPV,01_试点医院/中山大学中山眼科中心/照片/梁小玲-眼底疾病-教授-中山大学中山眼科中心.jpg,1230209,31d47f4f5f52b6b9314f536c0c6204bfed3dadf579af72063cfbac82f02ac92b,960,1440,
肖赛男,http://www.gzzoc.org.cn/node/3150,实采,,http://www.gzzoc.org.cn/sites/zoc.live1.sysucloud2.sysu.edu.cn/files/styles/large_960_x_auto_/public/2022-04/%E8%82%96%E8%B5%9B%E7%94%B7.jpg?itok=gnYctxUG,01_试点医院/中山大学中山眼科中心/照片/肖赛男-眼底疾病-主治医师-中山大学中山眼科中心.jpg,1157781,f29c353b817c31a3b016dc31ff8459fe264da27c63c747a0ca8307e9b991733d,960,1440,
胡洁,http://www.gzzoc.org.cn/node/3135,实采,,http://www.gzzoc.org.cn/sites/zoc.live1.sysucloud2.sysu.edu.cn/files/styles/large_960_x_auto_/public/2022-04/%E8%83%A1%E6%B4%81.jpg?itok=Nz4LccC3,01_试点医院/中山大学中山眼科中心/照片/胡洁-眼底疾病-主任医师-中山大学中山眼科中心.jpg,889416,a973147791cf376fe682d4f73608922b54c5d1b4c836cd559bb10397a8a27081,960,1440,
蒋欣桐,http://www.gzzoc.org.cn/node/3154,实采,,http://www.gzzoc.org.cn/sites/zoc.live1.sysucloud2.sysu.edu.cn/files/styles/large_960_x_auto_/public/2022-04/%E8%92%8B%E6%AC%A3%E6%A1%90.jpg?itok=4C2ZHyOE,01_试点医院/中山大学中山眼科中心/照片/蒋欣桐-眼底疾病-主治医师-中山大学中山眼科中心.jpg,881346,b9d94b7d750ca4d478aff68e0dd94595682fdbbfa50582eb6c5d9c94f21ab2a8,960,1440,
许跃,http://www.gzzoc.org.cn/node/3155,实采,,http://www.gzzoc.org.cn/sites/zoc.live1.sysucloud2.sysu.edu.cn/files/styles/large_960_x_auto_/public/2022-09/%E8%AE%B8%E8%B7%83.jpg?itok=o70L-Cjc,01_试点医院/中山大学中山眼科中心/照片/许跃-眼底疾病-副主任医师-中山大学中山眼科中心.jpg,469878,1bde8c51fa9b14f995e7271382d05d4ef901f2d7bc2f213f92ddc744abf34b1f,960,1440,
赖坤贝,http://www.gzzoc.org.cn/node/3178,实采,,http://www.gzzoc.org.cn/sites/zoc.live1.sysucloud2.sysu.edu.cn/files/styles/large_960_x_auto_/public/2022-09/%E8%B5%96%E5%9D%A4%E8%B4%9D.jpg?itok=5lMezdr7,01_试点医院/中山大学中山眼科中心/照片/赖坤贝-眼底疾病-副主任医师-中山大学中山眼科中心.jpg,879356,3166c31d86a872c75ec144eba674f009f62bb0636cc4125f5cdbbdffbd836afc,960,1440,
赵秀娟,http://www.gzzoc.org.cn/node/3153,实采,,http://www.gzzoc.org.cn/sites/zoc.live1.sysucloud2.sysu.edu.cn/files/styles/large_960_x_auto_/public/2022-04/%E8%B5%B5%E7%A7%80%E5%A8%9F.jpg?itok=D4MhyOY6,01_试点医院/中山大学中山眼科中心/照片/赵秀娟-眼底疾病-副主任医师-中山大学中山眼科中心.jpg,866100,5cc72c25308d48bdf93e376e3e40d029faf67353b9e8d60e401e0391ea27f14e,960,1440,
陈士达,http://www.gzzoc.org.cn/node/3139,实采,,http://www.gzzoc.org.cn/sites/zoc.live1.sysucloud2.sysu.edu.cn/files/styles/large_960_x_auto_/public/2022-04/%E9%99%88%E5%A3%AB%E8%BE%BE.jpg?itok=eMUuhtXY,01_试点医院/中山大学中山眼科中心/照片/陈士达-眼底疾病-副主任医师-中山大学中山眼科中心.jpg,805570,ad0edde6d35de6d2975ee72fdc270e7870a9dae50a7a9ef86122d96479d7e336,960,1440,
马伟,http://www.gzzoc.org.cn/node/3173,实采,,http://www.gzzoc.org.cn/sites/zoc.live1.sysucloud2.sysu.edu.cn/files/styles/large_960_x_auto_/public/2022-09/%E9%A9%AC%E4%BC%9F.jpg?itok=94BpwYmR,01_试点医院/中山大学中山眼科中心/照片/马伟-眼底疾病-副主任医师-中山大学中山眼科中心.jpg,793825,f11a51c3af0965dec31dcf33119d68d82a062fe9f0111fd0b0cf92932c081a21,960,1440,
魏雁涛,http://www.gzzoc.org.cn/node/3143,实采,,http://www.gzzoc.org.cn/sites/zoc.live1.sysucloud2.sysu.edu.cn/files/styles/large_960_x_auto_/public/2022-04/%E9%AD%8F%E9%9B%81%E6%B6%9B.jpg?itok=JrK7Fce5,01_试点医院/中山大学中山眼科中心/照片/魏雁涛-眼底疾病-主任医师-中山大学中山眼科中心.jpg,752710,8574675f02289fd6e788ef62a7e53996748bb2464d755c08e6e91967f7dffff6,960,1440,
黄彦俏,http://www.gzzoc.org.cn/node/3147,实采,,http://www.gzzoc.org.cn/sites/zoc.live1.sysucloud2.sysu.edu.cn/files/styles/large_960_x_auto_/public/2022-04/%E9%BB%84%E5%BD%A6%E4%BF%8F.jpg?itok=79Q2mJq1,01_试点医院/中山大学中山眼科中心/照片/黄彦俏-眼底疾病-主治医师-中山大学中山眼科中心.jpg,804811,8d5d503f388d9b588f35b1a3206f49905b1aed7824b2e3283bdfff59318bbe22,960,1440,
黄永盛,http://www.gzzoc.org.cn/node/3141,实采,,http://www.gzzoc.org.cn/sites/zoc.live1.sysucloud2.sysu.edu.cn/files/styles/large_960_x_auto_/public/2022-04/%E9%BB%84%E6%B0%B8%E7%9B%9B.jpg?itok=DrmJSZWd,01_试点医院/中山大学中山眼科中心/照片/黄永盛-眼底疾病-副主任医师-中山大学中山眼科中心.jpg,760915,3d95ef8eed8a38a7892b0da6d7ee036bae02b97782a1e86109726546301d35c2,960,1440,
吕林,http://www.gzzoc.org.cn/node/3170,实采,,http://www.gzzoc.org.cn/sites/zoc.live1.sysucloud2.sysu.edu.cn/files/styles/large_960_x_auto_/public/2022-04/%E5%90%95%E6%9E%97.jpg?itok=Z5EpHytF,01_试点医院/中山大学中山眼科中心/照片/吕林-眼底疾病-教授-中山大学中山眼科中心.jpg,1200034,509bf8f03cdaecef59ac6a7083720f55e4623c804df4ec12054528d660042177,960,1440,
曲艺欣,http://www.gzzoc.org.cn/node/14195,实采,,http://www.gzzoc.org.cn/sites/zoc.live1.sysucloud2.sysu.edu.cn/files/styles/large_960_x_auto_/public/2026-03/quyixin_0.jpg?itok=yliJ5B5v,01_试点医院/中山大学中山眼科中心/照片/曲艺欣-眼整形与泪器病-主治医师-中山大学中山眼科中心.jpg,852536,e29d75e9ab5dc1464f5567c04b4c3fb80fc5f96640d59f0ce1bfcc3846774c9c,960,1440,
李作红,http://www.gzzoc.org.cn/node/3099,实采,,http://www.gzzoc.org.cn/sites/zoc.live1.sysucloud2.sysu.edu.cn/files/styles/large_960_x_auto_/public/2022-04/%E6%9D%8E%E4%BD%9C%E7%BA%A2.jpg?itok=QLn_shPR,01_试点医院/中山大学中山眼科中心/照片/李作红-眼整形与泪器病-副主任医师-中山大学中山眼科中心.jpg,872836,b0874cf6c72284df65387e54b1227cbfbc4805749a8d7f18ab0927ac5afc5d43,960,1440,
梁轩伟,http://www.gzzoc.org.cn/node/3101,实采,,http://www.gzzoc.org.cn/sites/zoc.live1.sysucloud2.sysu.edu.cn/files/styles/large_960_x_auto_/public/2022-04/%E6%A2%81%E8%BD%A9%E4%BC%9F.jpg?itok=NPVtw4qn,01_试点医院/中山大学中山眼科中心/照片/梁轩伟-眼整形与泪器病-主任医师-中山大学中山眼科中心.jpg,786011,9d4cb59f3ae353aa476cbc1913c02be94dd4d75642e98bb4db8553394bfe26c3,960,1440,
毛真,http://www.gzzoc.org.cn/node/3100,实采,,http://www.gzzoc.org.cn/sites/zoc.live1.sysucloud2.sysu.edu.cn/files/styles/large_960_x_auto_/public/2022-04/%E6%AF%9B%E7%9C%9F.jpg?itok=INww3wSa,01_试点医院/中山大学中山眼科中心/照片/毛真-眼整形与泪器病-副主任医师-中山大学中山眼科中心.jpg,914281,29a3e6df3d4362567cf20bd9e2ecd2d0a3542acf740245c20b44f0611514adf0,960,1440,
赵静,http://www.gzzoc.org.cn/node/3104,实采,,http://www.gzzoc.org.cn/sites/zoc.live1.sysucloud2.sysu.edu.cn/files/styles/large_960_x_auto_/public/2022-04/%E8%B5%B5%E9%9D%99.jpg?itok=Pv9jph8k,01_试点医院/中山大学中山眼科中心/照片/赵静-眼整形与泪器病-主治医师-中山大学中山眼科中心.jpg,779738,83af076e0d48079b4b0688ef0b113ddf6ef6edfe61429f3e7b9d4a654c95bf91,960,1440,
陈荣新,http://www.gzzoc.org.cn/node/3129,实采,,http://www.gzzoc.org.cn/sites/zoc.live1.sysucloud2.sysu.edu.cn/files/styles/large_960_x_auto_/public/2022-04/%E9%99%88%E8%8D%A3%E6%96%B0.jpg?itok=QPhY6bcl,01_试点医院/中山大学中山眼科中心/照片/陈荣新-眼整形与泪器病-副主任医师-中山大学中山眼科中心.jpg,863069,c3961e9ca4152e4fb3052ec56f0a604c5b5d122ee09b981cbb7e8e4df494f982,960,1440,
黄丹平,http://www.gzzoc.org.cn/node/3098,实采,,http://www.gzzoc.org.cn/sites/zoc.live1.sysucloud2.sysu.edu.cn/files/styles/large_960_x_auto_/public/2022-04/%E9%BB%84%E4%B8%B9%E5%B9%B3_0.jpg?itok=AnLj7HRp,01_试点医院/中山大学中山眼科中心/照片/黄丹平-眼整形与泪器病-教授-中山大学中山眼科中心.jpg,790038,a08bca5732cccf19e915567046c24ead21a6732184a110dd0e02cd1de0719440,960,1440,
黄伟锋,http://www.gzzoc.org.cn/node/13487,实采,,http://www.gzzoc.org.cn/sites/zoc.live1.sysucloud2.sysu.edu.cn/files/styles/large_960_x_auto_/public/2026-02/huangweifeng.jpg?itok=T1J01Snv,01_试点医院/中山大学中山眼科中心/照片/黄伟锋-眼整形与泪器病-医师-中山大学中山眼科中心.jpg,434642,226ff33f0b2a9415858bbdb12f7ae5310b3c5e538e6af20b5a10c5c5db13950d,960,970,
刘耀明,http://www.gzzoc.org.cn/node/3302,实采,,http://www.gzzoc.org.cn/sites/zoc.live1.sysucloud2.sysu.edu.cn/files/styles/large_960_x_auto_/public/2024-08/liuyaoming.jpg?itok=VsuYfTNU,01_试点医院/中山大学中山眼科中心/照片/刘耀明-眼眶病与眼肿瘤-主治医师-中山大学中山眼科中心.jpg,819661,a0f904621a3c2ff080049f7fadc6e0e9e45fbe56006fe14a3532e4e9b87c70af,960,1440,
叶慧菁,http://www.gzzoc.org.cn/node/3126,实采,,http://www.gzzoc.org.cn/sites/zoc.live1.sysucloud2.sysu.edu.cn/files/styles/large_960_x_auto_/public/2022-04/%E5%8F%B6%E6%85%A7%E8%8F%81.jpg?itok=ppF3Eyk8,01_试点医院/中山大学中山眼科中心/照片/叶慧菁-眼眶病与眼肿瘤-副主任医师-中山大学中山眼科中心.jpg,784078,6b26a9861fb6be499e849398d350f3f7ef2d1e4c1de4840f6043f093b49ecf4a,960,1440,
张特,http://www.gzzoc.org.cn/node/3131,实采,,http://www.gzzoc.org.cn/sites/zoc.live1.sysucloud2.sysu.edu.cn/files/styles/large_960_x_auto_/public/2022-09/%E5%BC%A0%E7%89%B9.jpg?itok=Qditk8gg,01_试点医院/中山大学中山眼科中心/照片/张特-眼眶病与眼肿瘤-副主任医师-中山大学中山眼科中心.jpg,412948,17c5b8008b87dceacf55e0fb66a31e1960edec202c15fc7522d761e21fde43e0,960,960,
李金苗,http://www.gzzoc.org.cn/node/12334,实采,,http://www.gzzoc.org.cn/sites/zoc.live1.sysucloud2.sysu.edu.cn/files/styles/large_960_x_auto_/public/2024-08/78c5972b82ce253026cd3775a105b14.jpg?itok=-fwq1p9s,01_试点医院/中山大学中山眼科中心/照片/李金苗-眼眶病与眼肿瘤-主治医师-中山大学中山眼科中心.jpg,501246,8afcbf5d6e40ac0950af570450ce9b0273b41b5fed73aa91a8f8175aea14f0de,960,1440,
杨华胜,http://www.gzzoc.org.cn/node/3124,实采,,http://www.gzzoc.org.cn/sites/zoc.live1.sysucloud2.sysu.edu.cn/files/styles/large_960_x_auto_/public/2022-04/%E6%9D%A8%E5%8D%8E%E8%83%9C.jpg?itok=_VZ1PTZT,01_试点医院/中山大学中山眼科中心/照片/杨华胜-眼眶病与眼肿瘤-教授-中山大学中山眼科中心.jpg,779272,feac9c8f437d2a7430be3bec4a99abd8522008b59d107fc55008c6f0b3143cd5,960,1440,
毛羽翔,http://www.gzzoc.org.cn/node/3123,实采,,http://www.gzzoc.org.cn/sites/zoc.live1.sysucloud2.sysu.edu.cn/files/styles/large_960_x_auto_/public/2022-04/%E6%AF%9B%E7%BE%BD%E7%BF%94.jpg?itok=aES_jItg,01_试点医院/中山大学中山眼科中心/照片/毛羽翔-眼眶病与眼肿瘤-主任医师-中山大学中山眼科中心.jpg,805076,43b3223a73bad0a06b42eb503761645d9c08eb0c4a520ecaa984d860bf6a7512,960,1440,
程超,http://www.gzzoc.org.cn/node/3130,实采,,http://www.gzzoc.org.cn/sites/zoc.live1.sysucloud2.sysu.edu.cn/files/styles/large_960_x_auto_/public/2022-04/%E7%A8%8B%E8%B6%85.jpg?itok=i2QNKDd9,01_试点医院/中山大学中山眼科中心/照片/程超-眼眶病与眼肿瘤-主治医师-中山大学中山眼科中心.jpg,716910,70937e2527cfaa8984236e65a65ff895a735d54abfbc7bc161fc7cd5945e7ab4,960,1440,
肖伟,http://www.gzzoc.org.cn/node/3128,实采,,http://www.gzzoc.org.cn/sites/zoc.live1.sysucloud2.sysu.edu.cn/files/styles/large_960_x_auto_/public/2022-04/%E8%82%96%E4%BC%9F.jpg?itok=kmusycT3,01_试点医院/中山大学中山眼科中心/照片/肖伟-眼眶病与眼肿瘤-副主任医师-中山大学中山眼科中心.jpg,731831,a1ffc76c1f7fec37f82f14bcd0cb0efc3b5cf92c5b370f2cf56b4bb25ea7c680,960,1440,
艾思明,http://www.gzzoc.org.cn/node/3122,实采,,http://www.gzzoc.org.cn/sites/zoc.live1.sysucloud2.sysu.edu.cn/files/styles/large_960_x_auto_/public/2022-04/%E8%89%BE%E6%80%9D%E6%98%8E.jpg?itok=I9F9sfqx,01_试点医院/中山大学中山眼科中心/照片/艾思明-眼眶病与眼肿瘤-副主任医师-中山大学中山眼科中心.jpg,839290,aa110980c3b7d848c29b1ecc7b6e3f1f959408c709bbc9715ba3dce84754e252,960,1440,
卢蓉,http://www.gzzoc.org.cn/node/3125,实采,,http://www.gzzoc.org.cn/sites/zoc.live1.sysucloud2.sysu.edu.cn/files/styles/large_960_x_auto_/public/2022-04/%E5%8D%A2%E8%93%89.jpg?itok=ZGQtamMD,01_试点医院/中山大学中山眼科中心/照片/卢蓉-眼眶病与眼肿瘤-教授-中山大学中山眼科中心.jpg,928670,c91569a95d418fbe4bdf75c84daae6e7668cd4643bb5728bed6db93a3ba38800,960,1440,
高阳,http://www.gzzoc.org.cn/node/3127,实采,,http://www.gzzoc.org.cn/sites/zoc.live1.sysucloud2.sysu.edu.cn/files/styles/large_960_x_auto_/public/2022-04/%E9%AB%98%E9%98%B3.jpg?itok=5taW8hGl,01_试点医院/中山大学中山眼科中心/照片/高阳-眼眶病与眼肿瘤-副主任医师-中山大学中山眼科中心.jpg,801535,b27cf944c1e37bea91daec07a0b2e1ae20f8eb4d90400bc4477cba75664cb2d3,960,1440,
何丽文,http://www.gzzoc.org.cn/node/3109,实采,,http://www.gzzoc.org.cn/sites/zoc.live1.sysucloud2.sysu.edu.cn/files/styles/large_960_x_auto_/public/2022-04/%E4%BD%95%E4%B8%BD%E6%96%87.jpg?itok=9wUtzYUT,01_试点医院/中山大学中山眼科中心/照片/何丽文-眼科急症-主任医师-中山大学中山眼科中心.jpg,889620,8a7834832d369537ce1e5d95b5ead3878b1c9a0e8a06515fff1440268bc9c1f1,960,1440,
刘曼丽,http://www.gzzoc.org.cn/node/3288,实采,,http://www.gzzoc.org.cn/sites/zoc.live1.sysucloud2.sysu.edu.cn/files/styles/large_960_x_auto_/public/2026-01/liumanli1.jpg?itok=tywpJr7p,01_试点医院/中山大学中山眼科中心/照片/刘曼丽-眼科急症-主治医师-中山大学中山眼科中心.jpg,807260,4cdbcf33d0be6247a129edf342a824391f9f003ac1e4de26c4cdaf7fe3f71481,960,1440,
娄秉盛,http://www.gzzoc.org.cn/node/3115,实采,,http://www.gzzoc.org.cn/sites/zoc.live1.sysucloud2.sysu.edu.cn/files/styles/large_960_x_auto_/public/2022-04/%E5%A8%84%E7%A7%89%E7%9B%9B.jpg?itok=lB66RAg8,01_试点医院/中山大学中山眼科中心/照片/娄秉盛-眼科急症-副主任医师-中山大学中山眼科中心.jpg,808506,7c345f6385de20b649afed5c6f0aad418fe4cc49c60afa090abc16ae71c261dd,960,1440,
杨瑶,http://www.gzzoc.org.cn/node/3113,实采,,http://www.gzzoc.org.cn/sites/zoc.live1.sysucloud2.sysu.edu.cn/files/styles/large_960_x_auto_/public/2022-04/%E6%9D%A8%E7%91%B6.jpg?itok=39f2GEc8,01_试点医院/中山大学中山眼科中心/照片/杨瑶-眼科急症-副主任医师-中山大学中山眼科中心.jpg,844291,0da143a7baf97c46862f186037c5dd4a3c704870d98d41ba97dbdb3ec65c551b,960,1440,
段芳,http://www.gzzoc.org.cn/node/3114,实采,,http://www.gzzoc.org.cn/sites/zoc.live1.sysucloud2.sysu.edu.cn/files/styles/large_960_x_auto_/public/2022-04/%E6%AE%B5%E8%8A%B3.jpg?itok=wYb5hN13,01_试点医院/中山大学中山眼科中心/照片/段芳-眼科急症-副主任医师-中山大学中山眼科中心.jpg,866895,6bfbff036b19cff936cc97950904972a2ab5f0e64e6b381b862c55779e7a28e2,960,1440,
郑永欣,http://www.gzzoc.org.cn/node/3108,实采,,http://www.gzzoc.org.cn/sites/zoc.live1.sysucloud2.sysu.edu.cn/files/styles/large_960_x_auto_/public/2022-04/%E9%83%91%E6%B0%B8%E6%AC%A3.jpg?itok=W7_OvlhT,01_试点医院/中山大学中山眼科中心/照片/郑永欣-眼科急症-主任医师-中山大学中山眼科中心.jpg,773987,e7a47701f751f45291e701a09eb9ee090e341c883c9ff91837f603528cae0bf6,960,1440,
钟刘学颖,http://www.gzzoc.org.cn/node/3112,实采,,http://www.gzzoc.org.cn/sites/zoc.live1.sysucloud2.sysu.edu.cn/files/styles/large_960_x_auto_/public/2022-04/%E9%92%9F%E5%88%98%E5%AD%A6%E9%A2%96.jpg?itok=ZCUwk0Sh,01_试点医院/中山大学中山眼科中心/照片/钟刘学颖-眼科急症-主任医师-中山大学中山眼科中心.jpg,798469,888db1b3052e9f42f841ff5ea736e06f3d36044577131ab8fc3ea8334a0e20fe,960,1440,
龙崇德,http://www.gzzoc.org.cn/node/3110,实采,,http://www.gzzoc.org.cn/sites/zoc.live1.sysucloud2.sysu.edu.cn/files/styles/large_960_x_auto_/public/2022-04/%E9%BE%99%E5%B4%87%E5%BE%B7.jpg?itok=DFfUq2Ea,01_试点医院/中山大学中山眼科中心/照片/龙崇德-眼科急症-主任医师-中山大学中山眼科中心.jpg,779824,0933ff6f107931a629646ed61cb473a4f6c369ce1ee5f8bee8cca4fbab2d7242,960,1440,
吴开力,http://www.gzzoc.org.cn/node/3285,实采,,http://www.gzzoc.org.cn/sites/zoc.live1.sysucloud2.sysu.edu.cn/files/styles/large_960_x_auto_/public/2022-09/%E5%90%B4%E5%BC%80%E5%8A%9B.jpg?itok=0J2fBUZd,01_试点医院/中山大学中山眼科中心/照片/吴开力-结膜病科-教授-中山大学中山眼科中心.jpg,1092524,6e001d44b1f6dcbf6de7db6b93d447692df9abf7b6a8ee792a78c7c6c5097b45,960,1438,
冀建平,http://www.gzzoc.org.cn/node/8332,实采,,http://www.gzzoc.org.cn/sites/zoc.live1.sysucloud2.sysu.edu.cn/files/styles/large_960_x_auto_/public/2022-12/6cun3.jpg?itok=Sk_xXCFf,01_试点医院/中山大学中山眼科中心/照片/冀建平-角膜病-副主任医师-中山大学中山眼科中心.jpg,820995,b0b3c5fc32b90f758ff0be6d37da0bea9349a6fb9e764943f5d8fa3b7609501f,960,1440,
周世有,http://www.gzzoc.org.cn/node/3235,实采,,http://www.gzzoc.org.cn/sites/zoc.live1.sysucloud2.sysu.edu.cn/files/styles/large_960_x_auto_/public/2022-04/%E5%91%A8%E4%B8%96%E6%9C%89.jpg?itok=QvQwx9Uj,01_试点医院/中山大学中山眼科中心/照片/周世有-角膜病-教授-中山大学中山眼科中心.jpg,848438,65fa95c397840a63126494de05b825f01bbabbd1542faac02093eaf8465ee125,960,1440,
朱文捷,http://www.gzzoc.org.cn/node/14194,实采,,http://www.gzzoc.org.cn/sites/zoc.live1.sysucloud2.sysu.edu.cn/files/styles/large_960_x_auto_/public/2026-03/zhuwenjie-.png?itok=_ucqjn5V,01_试点医院/中山大学中山眼科中心/照片/朱文捷-角膜病-医师-中山大学中山眼科中心.png,189048,cba5980287601a2982bbb08f755933f1883c9117dfafa8cd96844e4191f1fb15,960,1058,
李晶,http://www.gzzoc.org.cn/node/3241,实采,,http://www.gzzoc.org.cn/sites/zoc.live1.sysucloud2.sysu.edu.cn/files/styles/large_960_x_auto_/public/2022-09/%E6%9D%8E%E6%99%B6.jpg?itok=IAoH7T3P,01_试点医院/中山大学中山眼科中心/照片/李晶-角膜病-主治医师-中山大学中山眼科中心.jpg,602026,0cec78d2f2fc07abd71a90b750fb7fb7917d7a0cc52a745d7bb13080a6a09d8e,960,960,
梁凌毅,http://www.gzzoc.org.cn/node/3234,实采,,http://www.gzzoc.org.cn/sites/zoc.live1.sysucloud2.sysu.edu.cn/files/styles/large_960_x_auto_/public/2022-04/%E6%A2%81%E5%87%8C%E6%AF%85.jpg?itok=1mrQLoAg,01_试点医院/中山大学中山眼科中心/照片/梁凌毅-角膜病-教授-中山大学中山眼科中心.jpg,1296127,62d577a6a7a6f98244384845a97ee981d3bdebbd2d29b0433061624b70e3c5b3,960,1440,
黄挺,http://www.gzzoc.org.cn/node/3237,实采,,http://www.gzzoc.org.cn/sites/zoc.live1.sysucloud2.sysu.edu.cn/files/styles/large_960_x_auto_/public/2022-04/%E9%BB%84%E6%8C%BA.jpg?itok=_vWIAfC3,01_试点医院/中山大学中山眼科中心/照片/黄挺-角膜病-教授-中山大学中山眼科中心.jpg,765649,965e8085328697d776f9e6fda27565a9c73ed64035ba10e4a5c09fb84702ec19,960,1440,
刘畅,http://www.gzzoc.org.cn/node/3244,实采,,http://www.gzzoc.org.cn/sites/zoc.live1.sysucloud2.sysu.edu.cn/files/styles/large_960_x_auto_/public/2022-04/%E5%88%98%E7%95%85.jpg?itok=EyL0STcM,01_试点医院/中山大学中山眼科中心/照片/刘畅-近视眼激光治疗科-主治医师-中山大学中山眼科中心.jpg,855768,dda8c678762d877524631a88e8f33a9e047850f89bb22b243e1161e9664b4c65,960,1440,
喻娜,http://www.gzzoc.org.cn/node/3253,实采,,http://www.gzzoc.org.cn/sites/zoc.live1.sysucloud2.sysu.edu.cn/files/styles/large_960_x_auto_/public/2022-09/%E5%96%BB%E5%A8%9C.png?itok=NhjZ-Shm,01_试点医院/中山大学中山眼科中心/照片/喻娜-近视眼激光治疗科-主治医师-中山大学中山眼科中心.png,663262,86190d9432c0662e3c59d10968bab5a5d8682cf1d2ad1a36131ae7262d3c3bb1,960,1255,
杨颖,http://www.gzzoc.org.cn/node/3249,实采,,http://www.gzzoc.org.cn/sites/zoc.live1.sysucloud2.sysu.edu.cn/files/styles/large_960_x_auto_/public/2022-04/%E6%9D%A8%E9%A2%96.jpg?itok=M2s_fTXv,01_试点医院/中山大学中山眼科中心/照片/杨颖-近视眼激光治疗科-副主任医师-中山大学中山眼科中心.jpg,817741,1549fb7ad7034043042cb6e598e0a3cdddc66e3cfcfb73dfb8f47266c08e2f5b,960,1440,
林冰莹,http://www.gzzoc.org.cn/node/14286,实采,,http://www.gzzoc.org.cn/sites/zoc.live1.sysucloud2.sysu.edu.cn/files/styles/large_960_x_auto_/public/2026-04/linbingyingzhaopian1.jpg?itok=ZEpvusZL,01_试点医院/中山大学中山眼科中心/照片/林冰莹-近视眼激光治疗科-主治医师-中山大学中山眼科中心.jpg,614110,cc81785aa382b9ebe2eb025524369e5d69765b78b5750164c717e23cfc619b82,960,1440,
王伟,http://www.gzzoc.org.cn/node/3294,实采,,http://www.gzzoc.org.cn/sites/zoc.live1.sysucloud2.sysu.edu.cn/files/styles/large_960_x_auto_/public/2022-09/%E7%8E%8B%E4%BC%9F.jpg?itok=WiknSrOK,01_试点医院/中山大学中山眼科中心/照片/王伟-近视眼激光治疗科-副主任医师-中山大学中山眼科中心.jpg,881741,0929dc174c6949eeb0ead9d302908aa94959fc5dceb9074cc9c3957b9595ef7e,960,1440,
罗懿琦,http://www.gzzoc.org.cn/node/3250,实采,,http://www.gzzoc.org.cn/sites/zoc.live1.sysucloud2.sysu.edu.cn/files/styles/large_960_x_auto_/public/2022-04/%E7%BD%97%E6%87%BF%E7%90%A6.jpg?itok=pS0AXEhl,01_试点医院/中山大学中山眼科中心/照片/罗懿琦-近视眼激光治疗科-主治医师-中山大学中山眼科中心.jpg,1242494,511315b8ffe11cdc42aa16e2b001bcd8e8d0870c650634c7faa35e42264507cb,960,1440,
雷蕾,http://www.gzzoc.org.cn/node/3245,实采,,http://www.gzzoc.org.cn/sites/zoc.live1.sysucloud2.sysu.edu.cn/files/styles/large_960_x_auto_/public/2022-04/%E9%9B%B7%E8%95%BE.jpg?itok=Q5gX8DBn,01_试点医院/中山大学中山眼科中心/照片/雷蕾-近视眼激光治疗科-副主任医师-中山大学中山眼科中心.jpg,935865,05d3b153db18ffabbab0e9dad49e177622687f664a80ab9d864e7d7a835da093,960,1440,
黄国富,http://www.gzzoc.org.cn/node/12082,实采,,http://www.gzzoc.org.cn/sites/zoc.live1.sysucloud2.sysu.edu.cn/files/styles/large_960_x_auto_/public/2023-09/huangguofu1.jpg?itok=0r5TQVBo,01_试点医院/中山大学中山眼科中心/照片/黄国富-近视眼激光治疗科-教授-中山大学中山眼科中心.jpg,550787,e39eda8b13b7432b85e05ec13561be1234d69775a16ed55ea0e16201627f437b,960,1432,
倪瑶,http://www.gzzoc.org.cn/node/3208,实采,,http://www.gzzoc.org.cn/sites/zoc.live1.sysucloud2.sysu.edu.cn/files/styles/large_960_x_auto_/public/2022-04/%E5%80%AA%E7%91%B6.jpg?itok=kvtcW_17,01_试点医院/中山大学中山眼科中心/照片/倪瑶-近视防控-副主任医师-中山大学中山眼科中心.jpg,878515,8b2bda01aaaed669d367d13dffae660da16d80361d6a04decf3809639607bca6,960,1440,
曾骏文,http://www.gzzoc.org.cn/node/3203,实采,,http://www.gzzoc.org.cn/sites/zoc.live1.sysucloud2.sysu.edu.cn/files/styles/large_960_x_auto_/public/2022-04/%E6%9B%BE%E9%AA%8F%E6%96%87.jpg?itok=OlVv5VXI,01_试点医院/中山大学中山眼科中心/照片/曾骏文-近视防控-教授-中山大学中山眼科中心.jpg,1026493,8cf8c33086b709ce63553df7ffa8bd9f42ee667b92a5432632ccac26633b73a6,960,1440,
李周越,http://www.gzzoc.org.cn/node/3303,实采,,http://www.gzzoc.org.cn/sites/zoc.live1.sysucloud2.sysu.edu.cn/files/styles/large_960_x_auto_/public/2022-09/%E6%9D%8E%E5%91%A8%E8%B6%8A.jpg?itok=-oNhAuE6,01_试点医院/中山大学中山眼科中心/照片/李周越-近视防控-主治医师-中山大学中山眼科中心.jpg,930010,43d4f29534184e6b3fbe1458ccf6c92942f82cb9361ae6c7d986e4ae00b62dfa,960,1440,
杨晓,http://www.gzzoc.org.cn/node/3206,实采,,http://www.gzzoc.org.cn/sites/zoc.live1.sysucloud2.sysu.edu.cn/files/styles/large_960_x_auto_/public/2022-04/%E6%9D%A8%E6%99%93.jpg?itok=cbJuGKDh,01_试点医院/中山大学中山眼科中心/照片/杨晓-近视防控-教授-中山大学中山眼科中心.jpg,802449,e5eb940efc11b0c88095e4a36ab73fbceb169e1374895838737c37791b3f49da,960,1440,
胡音,http://www.gzzoc.org.cn/node/3207,实采,,http://www.gzzoc.org.cn/sites/zoc.live1.sysucloud2.sysu.edu.cn/files/styles/large_960_x_auto_/public/2022-04/%E8%83%A1%E9%9F%B3.jpg?itok=rcVc5F9p,01_试点医院/中山大学中山眼科中心/照片/胡音-近视防控-副主任医师-中山大学中山眼科中心.jpg,1105462,2ce1a748143b69d4dfe59f223487628e987f49030f47ecc7caa9fd5d3a5de25e,960,1440,
赵峰,http://www.gzzoc.org.cn/node/3204,实采,,http://www.gzzoc.org.cn/sites/zoc.live1.sysucloud2.sysu.edu.cn/files/styles/large_960_x_auto_/public/2022-04/%E8%B5%B5%E5%B3%B0.jpg?itok=tYjrz_jT,01_试点医院/中山大学中山眼科中心/照片/赵峰-近视防控-副主任医师-中山大学中山眼科中心.jpg,830348,87ead068c1e415410750a21c0c3bff13f3ffc40f3de3d91110aeef7094094f59,960,1440,
陈睛晶,http://www.gzzoc.org.cn/node/12325,实采,,http://www.gzzoc.org.cn/sites/zoc.live1.sysucloud2.sysu.edu.cn/files/styles/large_960_x_auto_/public/2024-04/chenjingjing.jpg?itok=1hxKmrAu,01_试点医院/中山大学中山眼科中心/照片/陈睛晶-近视防控-副主任医师-中山大学中山眼科中心.jpg,1150892,a9d42888034b84c1fec95bedaccf2c59d6bda7f9e11ab154f1889979d3fca2da,960,1440,
余敏斌,http://www.gzzoc.org.cn/node/3212,实采,,http://www.gzzoc.org.cn/sites/zoc.live1.sysucloud2.sysu.edu.cn/files/styles/large_960_x_auto_/public/2026-01/1.png?itok=onRZAjgF,01_试点医院/中山大学中山眼科中心/照片/余敏斌-青光眼-教授-中山大学中山眼科中心.png,647566,434e48248862fff7a2803342c2ebd76c92c1aa6f9e480f8108ecf70df9755aee,960,828,
凌运兰,http://www.gzzoc.org.cn/node/3213,实采,,http://www.gzzoc.org.cn/sites/zoc.live1.sysucloud2.sysu.edu.cn/files/styles/large_960_x_auto_/public/2022-04/%E5%87%8C%E8%BF%90%E5%85%B0.jpg?itok=-Z38QC9r,01_试点医院/中山大学中山眼科中心/照片/凌运兰-青光眼-副主任医师-中山大学中山眼科中心.jpg,924955,7010c03ac69c8a647dd73abb059761a8e1c655e72a5d3cd6c04fc0e31b9d30cc,960,1440,
刘杏,http://www.gzzoc.org.cn/node/8334,实采,,http://www.gzzoc.org.cn/sites/zoc.live1.sysucloud2.sysu.edu.cn/files/styles/large_960_x_auto_/public/2022-12/liuxing.jpg?itok=GxMQ_IEk,01_试点医院/中山大学中山眼科中心/照片/刘杏-青光眼-教授-中山大学中山眼科中心.jpg,715294,ffd5dc057c92bd350d68c797a58c0937fb4eb1f8a824f999de48097e95b82428,960,1440,
卓业鸿,http://www.gzzoc.org.cn/node/3214,实采,,http://www.gzzoc.org.cn/sites/zoc.live1.sysucloud2.sysu.edu.cn/files/styles/large_960_x_auto_/public/2022-04/%E5%8D%93%E4%B8%9A%E9%B8%BF.jpg?itok=3MMgSsOE,01_试点医院/中山大学中山眼科中心/照片/卓业鸿-青光眼-教授-中山大学中山眼科中心.jpg,752397,b82af816ef5d94188097e27ec4074a410f55ef56293e01749ff79ab279599c06,960,1376,
左成果,http://www.gzzoc.org.cn/node/3222,实采,,http://www.gzzoc.org.cn/sites/zoc.live1.sysucloud2.sysu.edu.cn/files/styles/large_960_x_auto_/public/2022-04/%E5%B7%A6%E6%88%90%E6%9E%9C.jpg?itok=98DnuW-Y,01_试点医院/中山大学中山眼科中心/照片/左成果-青光眼-主任医师-中山大学中山眼科中心.jpg,852556,2b387b3271bcf09dc6a76226dbaca80b6b1768824891cfd0fcf075aae9638881,960,1440,
张秀兰,http://www.gzzoc.org.cn/node/3211,实采,,http://www.gzzoc.org.cn/sites/zoc.live1.sysucloud2.sysu.edu.cn/files/styles/large_960_x_auto_/public/2022-04/%E5%BC%A0%E7%A7%80%E5%85%B0.jpg?itok=rJSSGckz,01_试点医院/中山大学中山眼科中心/照片/张秀兰-青光眼-教授-中山大学中山眼科中心.jpg,976312,30f35e4734e64b4aa585048dd4b1b92806c4548e43a8d71c11660c70bfdd9a70,960,1440,
徐建刚,http://www.gzzoc.org.cn/node/3218,实采,,http://www.gzzoc.org.cn/sites/zoc.live1.sysucloud2.sysu.edu.cn/files/styles/large_960_x_auto_/public/2022-04/%E5%BE%90%E5%BB%BA%E5%88%9A.jpg?itok=b40s-2od,01_试点医院/中山大学中山眼科中心/照片/徐建刚-青光眼-副主任医师-中山大学中山眼科中心.jpg,837758,bdfd11d55397847a4b78dfbda375ec60fcc7e50ba17c318efb0631df132e4d9a,960,1440,
李智冬,http://www.gzzoc.org.cn/node/3227,实采,,http://www.gzzoc.org.cn/sites/zoc.live1.sysucloud2.sysu.edu.cn/files/styles/large_960_x_auto_/public/2022-09/%E6%9D%8E%E6%99%BA%E5%86%AC.png?itok=3KoXOwhj,01_试点医院/中山大学中山眼科中心/照片/李智冬-青光眼-主治医师-中山大学中山眼科中心.png,891346,e54ccf39b1aacfe6ae5809fce5da624eb27017e370253b2354e08bbb8fbb5d04,960,1440,
杨扬帆,http://www.gzzoc.org.cn/node/3223,实采,,http://www.gzzoc.org.cn/sites/zoc.live1.sysucloud2.sysu.edu.cn/files/styles/large_960_x_auto_/public/2022-04/%E6%9D%A8%E6%89%AC%E5%B8%86.jpg?itok=tRmJ0nEe,01_试点医院/中山大学中山眼科中心/照片/杨扬帆-青光眼-主任医师-中山大学中山眼科中心.jpg,798158,0656f670ef43f724ec32a691ee87f73041b4619c508aa891967dba21a490e700,960,1440,
林明楷,http://www.gzzoc.org.cn/node/3215,实采,,http://www.gzzoc.org.cn/sites/zoc.live1.sysucloud2.sysu.edu.cn/files/styles/large_960_x_auto_/public/2022-04/%E6%9E%97%E6%98%8E%E6%A5%B7.jpg?itok=Yxtu9wDQ,01_试点医院/中山大学中山眼科中心/照片/林明楷-青光眼-教授-中山大学中山眼科中心.jpg,758336,8790d52b049810acf5beab27884ed2f7c552d7c24fe189f348452ab7ec2c9dea,960,1440,
葛坚,http://www.gzzoc.org.cn/node/6531,实采,,http://www.gzzoc.org.cn/sites/zoc.live1.sysucloud2.sysu.edu.cn/files/styles/large_960_x_auto_/public/2022-11/%E5%9B%BE%E7%89%871.jpg?itok=hcxJXsaD,01_试点医院/中山大学中山眼科中心/照片/葛坚-青光眼-教授-中山大学中山眼科中心.jpg,659198,ad2b863d591c1a288bc5cfb748a0f3d5939ca35b48ca53ca028ada03c5a48b94,960,1468,
钟毅敏,http://www.gzzoc.org.cn/node/3217,实采,,http://www.gzzoc.org.cn/sites/zoc.live1.sysucloud2.sysu.edu.cn/files/styles/large_960_x_auto_/public/2022-04/%E9%92%9F%E6%AF%85%E6%95%8F.jpg?itok=3RBOIeVU,01_试点医院/中山大学中山眼科中心/照片/钟毅敏-青光眼-主任医师-中山大学中山眼科中心.jpg,899615,28ccb480fb60fe1bcf457e294671570a5d042232266dc49df1f431ccce8fcf08,960,1440,
陈子东,http://www.gzzoc.org.cn/node/3225,实采,,http://www.gzzoc.org.cn/sites/zoc.live1.sysucloud2.sysu.edu.cn/files/styles/large_960_x_auto_/public/2022-04/%E9%99%88%E5%AD%90%E4%B8%9C.jpg?itok=cKYQXKBW,01_试点医院/中山大学中山眼科中心/照片/陈子东-青光眼-副主任医师-中山大学中山眼科中心.jpg,757117,29b2cc1a9b612d9b75580c281aef91e26322fc9788952d5892c80272b550ddba,960,1440,
林艺全,http://www.gzzoc.org.cn/node/12461,实采,,http://www.gzzoc.org.cn/sites/zoc.live1.sysucloud2.sysu.edu.cn/files/styles/large_960_x_auto_/public/2024-08/linyiquan.jpg?itok=xSEM2EJg,01_试点医院/中山大学中山眼科中心/照片/林艺全-麻醉-副主任医师-中山大学中山眼科中心.jpg,840589,76654dbfb4d8dfe9c7a707c3550b252ceb0538a2c562d1ab6d15d51f90dd1522,960,1440,
甘小亮,http://www.gzzoc.org.cn/node/6739,实采,,http://www.gzzoc.org.cn/sites/zoc.live1.sysucloud2.sysu.edu.cn/files/styles/large_960_x_auto_/public/2022-09/%E7%94%98%E5%B0%8F%E4%BA%AE.jpg?itok=jmyOTgWN,01_试点医院/中山大学中山眼科中心/照片/甘小亮-麻醉-主任医师-中山大学中山眼科中心.jpg,854863,6db5070ea31935c31a65ef68d9de5aa565e5e4635229f5e2ca34843bce7e036d,960,1440,
陈樱,http://www.gzzoc.org.cn/node/6741,实采,,http://www.gzzoc.org.cn/sites/zoc.live1.sysucloud2.sysu.edu.cn/files/styles/large_960_x_auto_/public/2022-11/%E9%99%88%E6%A8%B1.jpg?itok=0t2EcsW2,01_试点医院/中山大学中山眼科中心/照片/陈樱-麻醉-副主任医师-中山大学中山眼科中心.jpg,455871,72c6360d2600ccd055ff9bafd9c6593fa46e3f28e4953010ef1313e35d57dd9c,960,1440,
孔炳华,http://www.gzzoc.org.cn/node/3284,实采,,http://www.gzzoc.org.cn/sites/zoc.live1.sysucloud2.sysu.edu.cn/files/styles/large_960_x_auto_/public/2022-04/%E5%AD%94%E7%82%B3%E5%8D%8E.jpg?itok=ZbRt1QS2,01_试点医院/中山大学中山眼科中心/照片/孔炳华-孔炳华 主治医师 擅长各种眼科常见病多发病的诊断与治疗-主治医师-中山大学中山眼科中心.jpg,908922,b6ceccfa68355c087bade77aa940730f7c9b286414568d5bc6ef0960379eac69,960,1440,
张清炯,http://www.gzzoc.org.cn/node/3200,实采,,http://www.gzzoc.org.cn/sites/zoc.live1.sysucloud2.sysu.edu.cn/files/styles/large_960_x_auto_/public/2022-09/%E5%BC%A0%E6%B8%85%E7%82%AF.jpg?itok=Yk6VPLjP,01_试点医院/中山大学中山眼科中心/照片/张清炯-小儿眼病与眼遗传病科-教授-中山大学中山眼科中心.jpg,821841,0ba90a12e2fa8f42af10f683ddb589e72645bfa33df5695874aced6ec8e497cf,960,1440,
陈惠,http://www.gzzoc.org.cn/node/12014,实采,,http://www.gzzoc.org.cn/sites/zoc.live1.sysucloud2.sysu.edu.cn/files/styles/large_960_x_auto_/public/2026-03/chenhui1.png?itok=AJxQK5iQ,01_试点医院/中山大学中山眼科中心/照片/陈惠-小儿眼病与眼遗传病科-主治医师-中山大学中山眼科中心.png,457175,9015e29b4bb6f2f767728e975ce5d72c3bed89a86633ebadc2b099b90329001a,960,1241,
黄莉,http://www.gzzoc.org.cn/node/3293,实采,,http://www.gzzoc.org.cn/sites/zoc.live1.sysucloud2.sysu.edu.cn/files/styles/large_960_x_auto_/public/2022-04/%E9%BB%84%E8%8E%89.jpg?itok=NBFyFdmV,01_试点医院/中山大学中山眼科中心/照片/黄莉-小儿眼病与眼遗传病科-副主任医师-中山大学中山眼科中心.jpg,792296,b0905e6f4665d9f068ee03e6f5c4775ec6459d879578012e4d58ca72b58a7b61,960,1440,
余新平,http://www.gzzoc.org.cn/node/3196,实采,,http://www.gzzoc.org.cn/sites/zoc.live1.sysucloud2.sysu.edu.cn/files/styles/large_960_x_auto_/public/2022-04/%E4%BD%99%E6%96%B0%E5%B9%B3.jpg?itok=s-RbHJ7f,01_试点医院/中山大学中山眼科中心/照片/余新平-斜视-主任医师-中山大学中山眼科中心.jpg,833268,ac6cbdd301dd201bac8a1ed51f8f34bb1a2c728b9687a6d67a968aa938fa3d69,960,1440,
林小铭,http://www.gzzoc.org.cn/node/3194,实采,,http://www.gzzoc.org.cn/sites/zoc.live1.sysucloud2.sysu.edu.cn/files/styles/large_960_x_auto_/public/2022-04/%E6%9E%97%E5%B0%8F%E9%93%AD.jpg?itok=Ah38tgiF,01_试点医院/中山大学中山眼科中心/照片/林小铭-斜视-主任医师-中山大学中山眼科中心.jpg,851388,d0691409451b1ccc190ae1db0566877553a10073dcd9340b8dd43b47f1a5730d,960,1440,
王忠浩,http://www.gzzoc.org.cn/node/3185,实采,,http://www.gzzoc.org.cn/sites/zoc.live1.sysucloud2.sysu.edu.cn/files/styles/large_960_x_auto_/public/2022-04/%E7%8E%8B%E5%BF%A0%E6%B5%A9.jpg?itok=8jJqsQVi,01_试点医院/中山大学中山眼科中心/照片/王忠浩-斜视-副主任医师-中山大学中山眼科中心.jpg,785051,486039e14cff157e86dfc8d38b7968e96c974d53484bd134d8a6253ebf714aac,960,1440,
申涛,http://www.gzzoc.org.cn/node/3191,实采,,http://www.gzzoc.org.cn/sites/zoc.live1.sysucloud2.sysu.edu.cn/files/styles/large_960_x_auto_/public/2022-04/%E7%94%B3%E6%B6%9B.jpg?itok=jAs8tFaX,01_试点医院/中山大学中山眼科中心/照片/申涛-斜视-副主任医师-中山大学中山眼科中心.jpg,730968,f2f2e4704dc4fa6e364e7bdcdc299d0ffb380b10743059fa03fb7e28e96da321,960,1440,
邓大明,http://www.gzzoc.org.cn/node/3186,实采,,http://www.gzzoc.org.cn/sites/zoc.live1.sysucloud2.sysu.edu.cn/files/styles/large_960_x_auto_/public/2022-04/%E9%82%93%E5%A4%A7%E6%98%8E.jpg?itok=PfchT2ti,01_试点医院/中山大学中山眼科中心/照片/邓大明-斜视-主任医师-中山大学中山眼科中心.jpg,838995,797c9010450b7afb52747534d937216df74ad2b76831acb89adb8b8b96cd83ce,960,1440,
陈静嫦,http://www.gzzoc.org.cn/node/3193,实采,,http://www.gzzoc.org.cn/sites/zoc.live1.sysucloud2.sysu.edu.cn/files/styles/large_960_x_auto_/public/2022-04/%E9%99%88%E9%9D%99%E5%AB%A6.jpg?itok=hgIjcRxY,01_试点医院/中山大学中山眼科中心/照片/陈静嫦-斜视-主任医师-中山大学中山眼科中心.jpg,727734,c28f7b84dd0bc90b9c7a1f098d8f9999f727119026aac5ccd8b17631f3b18fe4,960,1440,
刘晓宁,http://www.gzzoc.org.cn/node/3166,实采,,http://www.gzzoc.org.cn/sites/zoc.live1.sysucloud2.sysu.edu.cn/files/styles/large_960_x_auto_/public/2022-04/%E5%88%98%E6%99%93%E5%AE%81.jpg?itok=DlSPvd8k,01_试点医院/中山大学中山眼科中心/照片/刘晓宁-玻璃体-主治医师-中山大学中山眼科中心.jpg,751232,95ff6a26bfa654650864e4c042c80e962a85ad765541dd349e4b1bb0de47054a,960,1440,
文峰,http://www.gzzoc.org.cn/node/3254,实采,,http://www.gzzoc.org.cn/sites/zoc.live1.sysucloud2.sysu.edu.cn/files/styles/large_960_x_auto_/public/2022-04/%E6%96%87%E5%B3%B0.jpg?itok=QErYrBUK,01_试点医院/中山大学中山眼科中心/照片/文峰-玻璃体-教授-中山大学中山眼科中心.jpg,800349,956e5d21ec69d574c1308b6d19c5015a0329af4cac55cc62ab84d68d020ddec1,960,1440,
李妙玲,http://www.gzzoc.org.cn/node/3168,实采,,http://www.gzzoc.org.cn/sites/zoc.live1.sysucloud2.sysu.edu.cn/files/styles/large_960_x_auto_/public/2022-09/%E6%9D%8E%E5%A6%99%E7%8E%B2.jpg?itok=hyZ_4TgI,01_试点医院/中山大学中山眼科中心/照片/李妙玲-玻璃体-主治医师-中山大学中山眼科中心.jpg,852701,76eac6a473ad9f1db66fbf1e4b53151ffa23702dbd5f92930e0c968cd7d385a3,960,1440,
李梅,http://www.gzzoc.org.cn/node/3159,实采,,http://www.gzzoc.org.cn/sites/zoc.live1.sysucloud2.sysu.edu.cn/files/styles/large_960_x_auto_/public/2022-04/%E6%9D%8E%E6%A2%85.jpg?itok=aP8dp6Ct,01_试点医院/中山大学中山眼科中心/照片/李梅-玻璃体-副主任医师-中山大学中山眼科中心.jpg,777210,668cc5ec0ebe2385943c6d3e9d6994a9cd03e230a5e0d88f21dfe0fbef195f8d,960,1440,
练苹,http://www.gzzoc.org.cn/node/3172,实采,,http://www.gzzoc.org.cn/sites/zoc.live1.sysucloud2.sysu.edu.cn/files/styles/large_960_x_auto_/public/2022-04/%E7%BB%83%E8%8B%B9.jpg?itok=yzS2a0u4,01_试点医院/中山大学中山眼科中心/照片/练苹-玻璃体-副主任医师-中山大学中山眼科中心.jpg,835344,e06672a7beefac2362d91d4819f5e0a833ad3f005036f6a8c93406c340c21d1e,960,1350,
金陈进,http://www.gzzoc.org.cn/node/3158,实采,,http://www.gzzoc.org.cn/sites/zoc.live1.sysucloud2.sysu.edu.cn/files/styles/large_960_x_auto_/public/2022-04/%E9%87%91%E9%99%88%E8%BF%9B.jpg?itok=vaNVM8ET,01_试点医院/中山大学中山眼科中心/照片/金陈进-玻璃体-主任医师-中山大学中山眼科中心.jpg,963094,bf21f19d7b15efc1f12e53180d4e4c1cc3a9e316e280cadef3172e1103ee678b,960,1440,
马进,http://www.gzzoc.org.cn/node/3176,实采,,http://www.gzzoc.org.cn/sites/zoc.live1.sysucloud2.sysu.edu.cn/files/styles/large_960_x_auto_/public/2022-04/%E9%A9%AC%E8%BF%9B.jpg?itok=wIa4JvCi,01_试点医院/中山大学中山眼科中心/照片/马进-玻璃体-教授-中山大学中山眼科中心.jpg,798897,40d3f6149b90774d353c6ecf20242f738742509b478a3c5ea1fe284841af9543,960,1440,
刘良平,http://www.gzzoc.org.cn/node/3279,实采,,http://www.gzzoc.org.cn/sites/zoc.live1.sysucloud2.sysu.edu.cn/files/styles/large_960_x_auto_/public/2022-04/%E5%88%98%E8%89%AF%E5%B9%B3.jpg?itok=EElzKnVr,01_试点医院/中山大学中山眼科中心/照片/刘良平-白内障-副主任医师-中山大学中山眼科中心.jpg,847878,5862eb55be3a0738a400e5f4c2a4007d2e3b5d5593aebdb8aa237209ed7ff105,960,1440,
周恬,http://www.gzzoc.org.cn/node/14193,实采,,http://www.gzzoc.org.cn/sites/zoc.live1.sysucloud2.sysu.edu.cn/files/styles/large_960_x_auto_/public/2026-03/zhoutian_caijian-hui.jpg?itok=jvXgQORk,01_试点医院/中山大学中山眼科中心/照片/周恬-白内障-主治医师-中山大学中山眼科中心.jpg,266409,0612e4dcc2beff1511eaa8ee8bde287c2fce5d7f4b5bebe51be478c3182174ad,960,1042,
张新愉,http://www.gzzoc.org.cn/node/3261,实采,,http://www.gzzoc.org.cn/sites/zoc.live1.sysucloud2.sysu.edu.cn/files/styles/large_960_x_auto_/public/2022-04/%E5%BC%A0%E6%96%B0%E6%84%89.jpg?itok=c0IahdUs,01_试点医院/中山大学中山眼科中心/照片/张新愉-白内障-主任医师-中山大学中山眼科中心.jpg,794711,eee6eb0d281922e6ce24ea5437b90a65be0d834ef3d34fdcc486a8d65b1ebcc7,960,1440,
林浩添,http://www.gzzoc.org.cn/node/3273,实采,,http://www.gzzoc.org.cn/sites/zoc.live1.sysucloud2.sysu.edu.cn/files/styles/large_960_x_auto_/public/2022-04/%E6%9E%97%E6%B5%A9%E6%B7%BB.jpg?itok=iqZVv8at,01_试点医院/中山大学中山眼科中心/照片/林浩添-白内障-教授-中山大学中山眼科中心.jpg,1208011,8bd16026b6beb803e283e5b9565953407abf11025f44971d78fdf86d1154f447,960,1440,
王兰花,http://www.gzzoc.org.cn/node/3291,实采,,http://www.gzzoc.org.cn/sites/zoc.live1.sysucloud2.sysu.edu.cn/files/styles/large_960_x_auto_/public/2022-04/%E7%8E%8B%E5%85%B0%E8%8A%B1.jpg?itok=ezqAE74j,01_试点医院/中山大学中山眼科中心/照片/王兰花-白内障-副主任医师-中山大学中山眼科中心.jpg,853397,9acf3e1ef1a47377e0135632e82f879e86a91152d3e863c0e5d207eee20f7d46,960,1440,
王德才,http://www.gzzoc.org.cn/node/3255,实采,,http://www.gzzoc.org.cn/sites/zoc.live1.sysucloud2.sysu.edu.cn/files/styles/large_960_x_auto_/public/2022-04/%E7%8E%8B%E5%BE%B7%E6%89%8D.jpg?itok=jYD13YI_,01_试点医院/中山大学中山眼科中心/照片/王德才-白内障-副主任医师-中山大学中山眼科中心.jpg,786495,5092f4e57cea774a72c48071fb57a4fed35b412b48d2ba1320d353a3f78e8cd5,960,1440,
王琦玮,http://www.gzzoc.org.cn/node/3268,实采,,http://www.gzzoc.org.cn/sites/zoc.live1.sysucloud2.sysu.edu.cn/files/styles/large_960_x_auto_/public/2022-04/%E7%8E%8B%E7%90%A6%E7%8E%AE.jpg?itok=GufLyP3W,01_试点医院/中山大学中山眼科中心/照片/王琦玮-白内障-副主任医师-中山大学中山眼科中心.jpg,808566,f137bb428296bca5a52e7b7fbd830f06ff5c74ac163767fea6d3d9eae50c7547,960,1382,
秦颖嫣,http://www.gzzoc.org.cn/node/3276,实采,,http://www.gzzoc.org.cn/sites/zoc.live1.sysucloud2.sysu.edu.cn/files/styles/large_960_x_auto_/public/2022-04/%E7%A7%A6%E9%A2%96%E5%AB%A3.jpg?itok=B0qZsW-g,01_试点医院/中山大学中山眼科中心/照片/秦颖嫣-白内障-主治医师-中山大学中山眼科中心.jpg,932365,673473648a678b8dc9d165ec4fcaa7074eb37e56ce8f9f6b2848775748a079a0,960,1440,
谈旭华,http://www.gzzoc.org.cn/node/3269,实采,,http://www.gzzoc.org.cn/sites/zoc.live1.sysucloud2.sysu.edu.cn/files/styles/large_960_x_auto_/public/2022-04/%E8%B0%88%E6%97%AD%E5%8D%8E.jpg?itok=u7NJ6ep1,01_试点医院/中山大学中山眼科中心/照片/谈旭华-白内障-副主任医师-中山大学中山眼科中心.jpg,1240568,ace1245fa252f4f2ef22238a57903162ad226d695d343f7e9355190454902b8a,960,1440,
陈婉,http://www.gzzoc.org.cn/node/3267,实采,,http://www.gzzoc.org.cn/sites/zoc.live1.sysucloud2.sysu.edu.cn/files/styles/large_960_x_auto_/public/2022-04/%E9%99%88%E5%A9%89.jpg?itok=AHorR8jn,01_试点医院/中山大学中山眼科中心/照片/陈婉-白内障-副主任医师-中山大学中山眼科中心.jpg,828540,d478f1281cf20bc5742f91e80e6b4a1bce25d389d03381beef386aed006eba0f,960,1440,
陈晓云,http://www.gzzoc.org.cn/node/3278,实采,,http://www.gzzoc.org.cn/sites/zoc.live1.sysucloud2.sysu.edu.cn/files/styles/large_960_x_auto_/public/2022-04/%E9%99%88%E6%99%93%E4%BA%91.jpg?itok=lLToT42c,01_试点医院/中山大学中山眼科中心/照片/陈晓云-白内障-副主任医师-中山大学中山眼科中心.jpg,743091,28fc2d6c096d9e9d15565aa71c0d34969de14525bbcdd2536429ab3fafdb9ea4,960,1368,
黄文勇,http://www.gzzoc.org.cn/node/3272,实采,,http://www.gzzoc.org.cn/sites/zoc.live1.sysucloud2.sysu.edu.cn/files/styles/large_960_x_auto_/public/2022-04/%E9%BB%84%E6%96%87%E5%8B%87.jpg?itok=kueIkqty,01_试点医院/中山大学中山眼科中心/照片/黄文勇-白内障-主任医师-中山大学中山眼科中心.jpg,834824,669733c2197bf02543b3580ef938bd059e20e9a57edc90fc0323b70e2272719b,960,1440,
李松珊,http://www.gzzoc.org.cn/node/3286,实采,,http://www.gzzoc.org.cn/sites/zoc.live1.sysucloud2.sysu.edu.cn/files/styles/large_960_x_auto_/public/2024-08/lisongshan.jpg?itok=D2l9JG7k,01_试点医院/中山大学中山眼科中心/照片/李松珊-眼底疾病-副主任医师-中山大学中山眼科中心.jpg,320702,57f8c4dfc9e22f9f1739d4879d50fd92e763e19a1ff14f1b10d7cf01d3d3f713,960,935,
胡安娣娜,http://www.gzzoc.org.cn/node/3175,实采,,http://www.gzzoc.org.cn/sites/zoc.live1.sysucloud2.sysu.edu.cn/files/styles/large_960_x_auto_/public/2022-09/%E8%83%A1%E5%AE%89%E5%A8%A3%E5%A8%9C.jpg?itok=Fp3MBu3f,01_试点医院/中山大学中山眼科中心/照片/胡安娣娜-眼底疾病-主任医师-中山大学中山眼科中心.jpg,471265,3ab41ba7186437cf97477be45c8b5ab088f3ec9d55f7a697b6a50623159daa94,960,1440,
袁敏而,http://www.gzzoc.org.cn/node/3174,实采,,http://www.gzzoc.org.cn/sites/zoc.live1.sysucloud2.sysu.edu.cn/files/styles/large_960_x_auto_/public/2022-04/%E8%A2%81%E6%95%8F%E8%80%8C.jpg?itok=noZeK3ky,01_试点医院/中山大学中山眼科中心/照片/袁敏而-眼底疾病-副主任医师-中山大学中山眼科中心.jpg,842316,322a61f007add4ff846d099bdfe09046db9db03e21ee44f4b00babf72b6c82f2,960,1440,
李星仪,http://www.gzzoc.org.cn/node/3102,实采,,http://www.gzzoc.org.cn/sites/zoc.live1.sysucloud2.sysu.edu.cn/files/styles/large_960_x_auto_/public/2022-04/%E6%9D%8E%E6%98%9F%E4%BB%AA.jpg?itok=r6dC7DFT,01_试点医院/中山大学中山眼科中心/照片/李星仪-眼整形与泪器病-副主任医师-中山大学中山眼科中心.jpg,913340,639240fdab63459257cff0068ba7b4ac87e2bdeda39c1d002b758b9257eee5f4,960,1440,
林羡钗,http://www.gzzoc.org.cn/node/3105,实采,,http://www.gzzoc.org.cn/sites/zoc.live1.sysucloud2.sysu.edu.cn/files/styles/large_960_x_auto_/public/2022-04/%E6%9E%97%E7%BE%A1%E9%92%97.jpg?itok=bvu28JVl,01_试点医院/中山大学中山眼科中心/照片/林羡钗-眼整形与泪器病-主任医师-中山大学中山眼科中心.jpg,861991,26126888db0f89c2361f388d6d9e7210b181806fedbbcb062518a79ace60f7db,960,1440,
邓宇晴,http://www.gzzoc.org.cn/node/14197,实采,,http://www.gzzoc.org.cn/sites/zoc.live1.sysucloud2.sysu.edu.cn/files/styles/large_960_x_auto_/public/2026-03/shengchengtedingbilitupian_1.png?itok=cAc8ZwvI,01_试点医院/中山大学中山眼科中心/照片/邓宇晴-眼整形与泪器病-医师-中山大学中山眼科中心.png,1596805,d502521355fec699265254178f48916d5da07e68c663956a54ed842af54674a6,960,1706,
丁小虎,http://www.gzzoc.org.cn/node/3177,实采,,http://www.gzzoc.org.cn/sites/zoc.live1.sysucloud2.sysu.edu.cn/files/styles/large_960_x_auto_/public/2022-04/%E4%B8%81%E5%B0%8F%E8%99%8E.jpg?itok=avEK3Jl6,01_试点医院/中山大学中山眼科中心/照片/丁小虎-眼科急症-主任医师-中山大学中山眼科中心.jpg,736872,661d75811ffe66bb5bc268137a28f8eed6d2ed74796ea16c3d2bf4220dd22748,960,1440,
唐明君,http://www.gzzoc.org.cn/node/12423,实采,,http://www.gzzoc.org.cn/sites/zoc.live1.sysucloud2.sysu.edu.cn/files/styles/large_960_x_auto_/public/2024-08/tangmingjun.jpg?itok=qeb2Uqwd,01_试点医院/中山大学中山眼科中心/照片/唐明君-眼科急症-医师-中山大学中山眼科中心.jpg,486875,548e3ce0923915ab75b1b0bf926465a02c90fc24942a5ce5135202ea5428dfa5,960,1438,
欧阳晨,http://www.gzzoc.org.cn/node/3298,实采,,http://www.gzzoc.org.cn/sites/zoc.live1.sysucloud2.sysu.edu.cn/files/styles/large_960_x_auto_/public/2026-03/shengchengbanshenzhao.png?itok=kc7A34Pz,01_试点医院/中山大学中山眼科中心/照片/欧阳晨-眼科急症-主治医师-中山大学中山眼科中心.png,1310251,953f0c0fe1499e3434e0d1eab3515f3fd6d2a8f6c11c342b14c5a67bac28ab0d,960,1344,
袁钊辉,http://www.gzzoc.org.cn/node/3111,实采,,http://www.gzzoc.org.cn/sites/zoc.live1.sysucloud2.sysu.edu.cn/files/styles/large_960_x_auto_/public/2022-04/%E8%A2%81%E9%92%8A%E8%BE%89.jpg?itok=sPBjKXre,01_试点医院/中山大学中山眼科中心/照片/袁钊辉-眼科急症-副主任医师-中山大学中山眼科中心.jpg,754793,4f9984e9bb7df65fe1212b549445c9059741fd9a0d8c0c1ed8cff0152c6b0150,960,1440,
高冠杰,http://www.gzzoc.org.cn/node/14223,实采,,http://www.gzzoc.org.cn/sites/zoc.live1.sysucloud2.sysu.edu.cn/files/styles/large_960_x_auto_/public/2026-03/gaoguanjie1.jpg?itok=Agr9VFz7,01_试点医院/中山大学中山眼科中心/照片/高冠杰-眼科急症-医师-中山大学中山眼科中心.jpg,892419,81c1fc0d9dbf882336b7ef757e5d633b74d0a8378996ef5cde4da80c3ae4f2f3,960,1440,
吴婧,http://www.gzzoc.org.cn/node/3240,实采,,http://www.gzzoc.org.cn/sites/zoc.live1.sysucloud2.sysu.edu.cn/files/styles/large_960_x_auto_/public/2022-04/%E5%90%B4%E5%A9%A7.jpg?itok=lt6EMo_k,01_试点医院/中山大学中山眼科中心/照片/吴婧-角膜病-主治医师-中山大学中山眼科中心.jpg,826405,145d46f0f3844524debb5e117baf0b17913c0bfc01d56a386ee0491c63ca4ff4,960,1440,
杨博宇,http://www.gzzoc.org.cn/node/12542,实采,,http://www.gzzoc.org.cn/sites/zoc.live1.sysucloud2.sysu.edu.cn/files/styles/large_960_x_auto_/public/2024-07/yangboyu.jpg?itok=6myig897,01_试点医院/中山大学中山眼科中心/照片/杨博宇-角膜病-主治医师-中山大学中山眼科中心.jpg,607752,9c7ba94091a5c3fbc508f66e52624c2f058a927c549f0b98975cd345494a3fac,960,1044,
林丽霞,http://www.gzzoc.org.cn/node/3233,实采,,http://www.gzzoc.org.cn/sites/zoc.live1.sysucloud2.sysu.edu.cn/files/styles/large_960_x_auto_/public/2022-04/%E6%9E%97%E4%B8%BD%E9%9C%9E.jpg?itok=HbWe_SVy,01_试点医院/中山大学中山眼科中心/照片/林丽霞-角膜病-副主任医师-中山大学中山眼科中心.jpg,858013,81d84c9b3d0e97f32e5eb437a3bb88acb91808df131c1a87bfe23ccc98bea79a,960,1440,
王春筱,http://www.gzzoc.org.cn/node/3229,实采,,http://www.gzzoc.org.cn/sites/zoc.live1.sysucloud2.sysu.edu.cn/files/styles/large_960_x_auto_/public/2022-04/%E7%8E%8B%E6%98%A5%E7%AD%B1.jpg?itok=gpQIDo1n,01_试点医院/中山大学中山眼科中心/照片/王春筱-角膜病-副主任医师-中山大学中山眼科中心.jpg,829070,7e1c37cea10217148305c00668be46711061136c402e40d3a5cd6bb2d47764ea,960,1440,
王智崇,http://www.gzzoc.org.cn/node/3134,实采,,http://www.gzzoc.org.cn/sites/zoc.live1.sysucloud2.sysu.edu.cn/files/styles/large_960_x_auto_/public/2022-04/%E7%8E%8B%E6%99%BA%E5%B4%87.jpg?itok=hXEcrsqc,01_试点医院/中山大学中山眼科中心/照片/王智崇-角膜病-教授-中山大学中山眼科中心.jpg,842839,b873c78eb17afba200784e8d2ac196069680756e8ed4536811240208ea8cfd5b,960,1440,
肖冰,http://www.gzzoc.org.cn/node/3231,实采,,http://www.gzzoc.org.cn/sites/zoc.live1.sysucloud2.sysu.edu.cn/files/styles/large_960_x_auto_/public/2022-04/%E8%82%96%E5%86%B0.jpg?itok=PgsA12pt,01_试点医院/中山大学中山眼科中心/照片/肖冰-角膜病-主治医师-中山大学中山眼科中心.jpg,836294,b446fe4d681ca92c2176044a06a7ac35a71111d15ba5aab96fb57c147b685ee1,960,1440,
董晓娟,http://www.gzzoc.org.cn/node/3232,实采,,http://www.gzzoc.org.cn/sites/zoc.live1.sysucloud2.sysu.edu.cn/files/styles/large_960_x_auto_/public/2022-04/%E8%91%A3%E6%99%93%E5%A8%9F.jpg?itok=U5TL2q3s,01_试点医院/中山大学中山眼科中心/照片/董晓娟-角膜病-主治医师-中山大学中山眼科中心.jpg,878301,6717a55ee4d7cfa87acb9973150ab593b25558811bbb8cbdef81777fe217faab,960,1440,
邵应峰,http://www.gzzoc.org.cn/node/3239,实采,,http://www.gzzoc.org.cn/sites/zoc.live1.sysucloud2.sysu.edu.cn/files/styles/large_960_x_auto_/public/2022-04/%E9%82%B5%E5%BA%94%E5%B3%B0.jpg?itok=i2NsTOxK,01_试点医院/中山大学中山眼科中心/照片/邵应峰-角膜病-副主任医师-中山大学中山眼科中心.jpg,853906,4edbd2f49a4c10d101d1e5f3e4cda74fd65ac1d7d16f14a016f4503aa3ee4bd9,960,1440,
陈子沿,http://www.gzzoc.org.cn/node/3230,实采,,http://www.gzzoc.org.cn/sites/zoc.live1.sysucloud2.sysu.edu.cn/files/styles/large_960_x_auto_/public/2022-04/%E9%99%88%E5%AD%90%E6%B2%BF.jpg?itok=_iwafMuG,01_试点医院/中山大学中山眼科中心/照片/陈子沿-角膜病-副主任医师-中山大学中山眼科中心.jpg,906257,cfb5f1faf7604df26d652b1d6b91b5f0f9737700503656deee33e7aced573bc8,960,1440,
叶一明,http://www.gzzoc.org.cn/node/3248,实采,,http://www.gzzoc.org.cn/sites/zoc.live1.sysucloud2.sysu.edu.cn/files/styles/large_960_x_auto_/public/2022-04/%E5%8F%B6%E4%B8%80%E6%98%8E.jpg?itok=y_BgAegO,01_试点医院/中山大学中山眼科中心/照片/叶一明-近视眼激光治疗科-副主任医师-中山大学中山眼科中心.jpg,782206,5252868c8ab7e4f9feecffb16b0626748941e1c594f6b3b68af19c13d9b0e51e,960,1440,
吴君舒,http://www.gzzoc.org.cn/node/3246,实采,,http://www.gzzoc.org.cn/sites/zoc.live1.sysucloud2.sysu.edu.cn/files/styles/large_960_x_auto_/public/2022-04/%E5%90%B4%E5%90%9B%E8%88%92.jpg?itok=kiUGVPVq,01_试点医院/中山大学中山眼科中心/照片/吴君舒-近视眼激光治疗科-主任医师-中山大学中山眼科中心.jpg,722280,26b47a6599128d02a7305c01707fb1eccc95cb00e3f07ec1bf0ede43fcc8de20,960,1440,
周胜,http://www.gzzoc.org.cn/node/3247,实采,,http://www.gzzoc.org.cn/sites/zoc.live1.sysucloud2.sysu.edu.cn/files/styles/large_960_x_auto_/public/2022-04/%E5%91%A8%E8%83%9C.jpg?itok=c_7P51mp,01_试点医院/中山大学中山眼科中心/照片/周胜-近视眼激光治疗科-主任医师-中山大学中山眼科中心.jpg,729113,70e3fd5ee3768838a9cf1b06af8eea96808988325a6a561c2194da2acdabfc5a,960,1440,
陈佩,http://www.gzzoc.org.cn/node/3251,实采,,http://www.gzzoc.org.cn/sites/zoc.live1.sysucloud2.sysu.edu.cn/files/styles/large_960_x_auto_/public/2022-04/%E9%99%88%E4%BD%A9.jpg?itok=Q2m_n325,01_试点医院/中山大学中山眼科中心/照片/陈佩-近视眼激光治疗科-主治医师-中山大学中山眼科中心.jpg,909014,a8873bb61ac15bb33ad5405e0f86199921a14ab6e4348a2869e5b0ce15214d68,960,1440,
王丽丽,http://www.gzzoc.org.cn/node/3205,实采,,http://www.gzzoc.org.cn/sites/zoc.live1.sysucloud2.sysu.edu.cn/files/styles/large_960_x_auto_/public/2022-04/%E7%8E%8B%E4%B8%BD%E4%B8%BD.jpg?itok=MIr99oJB,01_试点医院/中山大学中山眼科中心/照片/王丽丽-近视防控-主治医师-中山大学中山眼科中心.jpg,884043,c57c3ac421da20986f484eb178ab61c2ee7c59209480bf2773dfec429aed78c4,960,1440,
王梦怡,http://www.gzzoc.org.cn/node/3295,实采,,http://www.gzzoc.org.cn/sites/zoc.live1.sysucloud2.sysu.edu.cn/files/styles/large_960_x_auto_/public/2022-09/%E7%8E%8B%E6%A2%A6%E6%80%A1.jpg?itok=DKmDMGxi,01_试点医院/中山大学中山眼科中心/照片/王梦怡-近视防控-主治医师-中山大学中山眼科中心.jpg,872845,c7c161c34ef6756a7f7f3fd06b91b5b0428eccea4b7113597bc878efbccff38d,960,1440,
许吉萍,http://www.gzzoc.org.cn/node/3209,实采,,http://www.gzzoc.org.cn/sites/zoc.live1.sysucloud2.sysu.edu.cn/files/styles/large_960_x_auto_/public/2024-08/xujiping.jpg?itok=gw7shcFu,01_试点医院/中山大学中山眼科中心/照片/许吉萍-近视防控-主治医师-中山大学中山眼科中心.jpg,988073,367fbf3584469258d9be09f7fb25911bfd8faa3038f904e715dff59a6bcec4ce,960,1440,
方蕾,http://www.gzzoc.org.cn/node/3228,实采,,http://www.gzzoc.org.cn/sites/zoc.live1.sysucloud2.sysu.edu.cn/files/styles/large_960_x_auto_/public/2022-04/%E6%96%B9%E8%95%BE.jpg?itok=8HIPlAcv,01_试点医院/中山大学中山眼科中心/照片/方蕾-青光眼-主治医师-中山大学中山眼科中心.jpg,788035,c08dc82b791dba71e4b89ad94a6cb04a333003ffdbf9125e9ea406d181dde71d,960,1422,
朱颖婷,http://www.gzzoc.org.cn/node/3220,实采,,http://www.gzzoc.org.cn/sites/zoc.live1.sysucloud2.sysu.edu.cn/files/styles/large_960_x_auto_/public/2022-04/%E6%9C%B1%E9%A2%96%E5%A9%B7.jpg?itok=GUZ253DG,01_试点医院/中山大学中山眼科中心/照片/朱颖婷-青光眼-副主任医师-中山大学中山眼科中心.jpg,747910,cc56e924d662e954d826a4cc8c30409d4bb22cd3320bb45be62f4d6eba2034a3,960,1440,
林凤彬,http://www.gzzoc.org.cn/node/12825,实采,,http://www.gzzoc.org.cn/sites/zoc.live1.sysucloud2.sysu.edu.cn/files/styles/large_960_x_auto_/public/2026-05/linfengbin1.png?itok=N7E4i65B,01_试点医院/中山大学中山眼科中心/照片/林凤彬-青光眼-主治医师-中山大学中山眼科中心.png,1929832,92fe6815b9852cdc929d9191db3824e633441bb63ef0aa4632b88f87567d2540,960,1860,
林树芬,http://www.gzzoc.org.cn/node/12826,实采,,http://www.gzzoc.org.cn/sites/zoc.live1.sysucloud2.sysu.edu.cn/files/styles/large_960_x_auto_/public/2024-10/linshufen.jpg?itok=ig7YET5S,01_试点医院/中山大学中山眼科中心/照片/林树芬-青光眼-主治医师-中山大学中山眼科中心.jpg,580146,fcc49956496b0a844470c186306edfa289763162b78c2be5cfa5d0c2ab30dacb,960,1440,
欧阳嘉敏,http://www.gzzoc.org.cn/node/14239,实采,,http://www.gzzoc.org.cn/sites/zoc.live1.sysucloud2.sysu.edu.cn/files/styles/large_960_x_auto_/public/2026-05/jiamin1.png?itok=ZeGmzZ59,01_试点医院/中山大学中山眼科中心/照片/欧阳嘉敏-青光眼-医师-中山大学中山眼科中心.png,1659460,d3f56d080c08deda52de57d5d093cb08ef003bff496cbc140f9e95e6111a2a47,960,1440,
涂姝,http://www.gzzoc.org.cn/node/3221,实采,,http://www.gzzoc.org.cn/sites/zoc.live1.sysucloud2.sysu.edu.cn/files/styles/large_960_x_auto_/public/2022-04/%E6%B6%82%E5%A7%9D.jpg?itok=B_EVtvHH,01_试点医院/中山大学中山眼科中心/照片/涂姝-青光眼-主治医师-中山大学中山眼科中心.jpg,748266,54e29c5a5d84866199ee3da4a12885634c85406bae29b03e5a9c995ba7c17e0b,960,1440,
王晓然,http://www.gzzoc.org.cn/node/3300,实采,,http://www.gzzoc.org.cn/sites/zoc.live1.sysucloud2.sysu.edu.cn/files/styles/large_960_x_auto_/public/2022-12/wangxiaoran.jpg?itok=8DlM6hrm,01_试点医院/中山大学中山眼科中心/照片/王晓然-青光眼-主治医师-中山大学中山眼科中心.jpg,944637,2f05ea9b66e5f812182155e9d5c53ffd0c3b5ca86432d0dbc279f38c34519725,960,1440,
肖辉,http://www.gzzoc.org.cn/node/3224,实采,,http://www.gzzoc.org.cn/sites/zoc.live1.sysucloud2.sysu.edu.cn/files/styles/large_960_x_auto_/public/2022-04/%E8%82%96%E8%BE%89.jpg?itok=tvHNQsDB,01_试点医院/中山大学中山眼科中心/照片/肖辉-青光眼-副主任医师-中山大学中山眼科中心.jpg,785552,c8313f146ca220299db5f6578abd2a64d6120ff1ad44fe25ed2cf6ef609914a9,960,1440,
高凯,http://www.gzzoc.org.cn/node/3226,实采,,http://www.gzzoc.org.cn/sites/zoc.live1.sysucloud2.sysu.edu.cn/files/styles/large_960_x_auto_/public/2026-04/gaokai_baidagua1.jpg?itok=w1gEddwy,01_试点医院/中山大学中山眼科中心/照片/高凯-青光眼-副主任医师-中山大学中山眼科中心.jpg,528577,781c9c18fa9d6aab8c6a1d7621a2b00ca19a26e55bbb9ef0a76d522213ac93b1,960,1237,
高新博,http://www.gzzoc.org.cn/node/3219,实采,,http://www.gzzoc.org.cn/sites/zoc.live1.sysucloud2.sysu.edu.cn/files/styles/large_960_x_auto_/public/2022-04/%E9%AB%98%E6%96%B0%E5%8D%9A.jpg?itok=2aLEybHj,01_试点医院/中山大学中山眼科中心/照片/高新博-青光眼-副主任医师-中山大学中山眼科中心.jpg,729121,9b25ffc57389ce18aa74f1ec0ad720c464775ee44a0643bb876cc4a18ad19f58,960,1440,
黄晶晶,http://www.gzzoc.org.cn/node/3216,实采,,http://www.gzzoc.org.cn/sites/zoc.live1.sysucloud2.sysu.edu.cn/files/styles/large_960_x_auto_/public/2022-04/%E9%BB%84%E6%99%B6%E6%99%B6.jpg?itok=Ia6YXUP6,01_试点医院/中山大学中山眼科中心/照片/黄晶晶-青光眼-教授-中山大学中山眼科中心.jpg,873581,2fd5766fbe667cecce6934ffa244c1acf57495a4b7034f9029eb64c44f8ade85,960,1440,
李军,http://www.gzzoc.org.cn/node/3301,实采,,http://www.gzzoc.org.cn/sites/zoc.live1.sysucloud2.sysu.edu.cn/files/styles/large_960_x_auto_/public/2022-09/%E6%9D%8E%E5%86%9B.jpg?itok=_ve1jbOs,01_试点医院/中山大学中山眼科中心/照片/李军-高度近视科-副主任医师-中山大学中山眼科中心.jpg,683895,62c930ef313e37a7edc76791eae8eeb163eb0e6aa8b6794bee24820f3b10f45c,960,1440,
凌洪锋,http://www.gzzoc.org.cn/node/6740,实采,,http://www.gzzoc.org.cn/sites/zoc.live1.sysucloud2.sysu.edu.cn/files/styles/large_960_x_auto_/public/2022-11/%E5%87%8C%E6%B4%AA%E9%94%8B.jpg?itok=ipza6zoA,01_试点医院/中山大学中山眼科中心/照片/凌洪锋-麻醉-副主任医师-中山大学中山眼科中心.jpg,443566,21952d6499eab535e7cc23e439f9a0c3476a0038ac101a1f8d010246d60b91a7,960,1440,
沈卫华,http://www.gzzoc.org.cn/node/6743,实采,,http://www.gzzoc.org.cn/sites/zoc.live1.sysucloud2.sysu.edu.cn/files/styles/large_960_x_auto_/public/2022-11/%E6%B2%88%E5%8D%AB%E5%8D%8E.jpg?itok=VEgU5_iF,01_试点医院/中山大学中山眼科中心/照片/沈卫华-麻醉-副主任医师-中山大学中山眼科中心.jpg,445952,be874bff7da9557d4e7261aaa145f0b0a5043ace3fe72b3e814355c819dec591,960,1440,
饶艳,http://www.gzzoc.org.cn/node/6742,实采,,http://www.gzzoc.org.cn/sites/zoc.live1.sysucloud2.sysu.edu.cn/files/styles/large_960_x_auto_/public/2022-11/%E9%A5%B6%E8%89%B3.jpg?itok=rvFV4r2A,01_试点医院/中山大学中山眼科中心/照片/饶艳-麻醉-副主任医师-中山大学中山眼科中心.jpg,450511,1d27441f1c70d7fd16ccd8ef9c9bad0c489679ca59df4daaa4ea1d29cd28787a,960,1440,
黄静霞,http://www.gzzoc.org.cn/node/13177,实采,,http://www.gzzoc.org.cn/sites/zoc.live1.sysucloud2.sysu.edu.cn/files/styles/large_960_x_auto_/public/2025-05/huangjingxia.jpg?itok=pWphDVVT,01_试点医院/中山大学中山眼科中心/照片/黄静霞-麻醉-副主任医师-中山大学中山眼科中心.jpg,457059,7cb3ab2235b8ba5ef3ffd82de53765e34a73d23a969ca3728ccbc426414bd537,960,1440,
