详情ID,姓名,来源链接,状态,失败分类,照片引用数,照片链接,照片文件,声明格式,实际格式,字节数,SHA-256,宽,高,来源批次,错误证据
555,何龙文,https://www.smukqyy.cn/prods/343/555,实采,,1,https://www.smukqyy.cn/Uploads/Upload/2022-08-18/62fdb8797c6aa.jpg,01_试点医院/南方医科大学口腔医院(海珠广场院区)/照片/何龙文-口腔正畸科-主治医师-南方医科大学口腔医院(海珠广场院区).jpg,jpg,jpg,1028744,92269f9be96873fec245b1e925edc08ad0aea7376e93a597fd844d68d624ebc9,1191,1730,TRIAL_REUSE,
160,谢跃强,https://www.smukqyy.cn/prods/343/160,实采,,1,https://www.smukqyy.cn/Uploads/Upload/2022-07-08/62c796eda536e.jpg,01_试点医院/南方医科大学口腔医院(海珠广场院区)/照片/谢跃强-口腔正畸科-主治医师-南方医科大学口腔医院(海珠广场院区).jpg,jpg,jpg,644371,12c27486a5151b309b8cff2e98d629a13be47f29cb9f25b3a6fa209b98b3be79,850,1268,FULL_FETCH,
276,赵转浓,https://www.smukqyy.cn/prods/343/276,实采,,1,https://www.smukqyy.cn/Uploads/Upload/2021-04-21/607f840ab8f70.jpg,01_试点医院/南方医科大学口腔医院(海珠广场院区)/照片/赵转浓-口腔正畸科-主治医师-南方医科大学口腔医院(海珠广场院区).jpg,jpg,jpg,499317,ae268590ff2ce294f8ff649792f4f0d7960f833090cdc9c9f8abfe0af3c0a105,1071,1600,FULL_FETCH,
483,张灿,https://www.smukqyy.cn/prods/341/483,实采,,1,https://www.smukqyy.cn/Uploads/Upload/2021-09-14/614051b9ca8b9.jpg,01_试点医院/南方医科大学口腔医院(海珠广场院区)/照片/张灿-口腔种植修复科-主治医师-南方医科大学口腔医院(海珠广场院区).jpg,jpg,jpg,213620,52705787166a11b7549145dd474d0c61d23466e3a55886ee301580f69eea8cc0,593,884,FULL_FETCH,
36,管东华,https://www.smukqyy.cn/prods/341/36,实采,,1,https://www.smukqyy.cn/Uploads/Upload/2024-07-19/6699c33ac6fdc.png,01_试点医院/南方医科大学口腔医院(海珠广场院区)/照片/管东华-口腔种植修复科-主任医师-南方医科大学口腔医院(海珠广场院区).png,png,png,88568,4c068d8acb174336f9c832b922f9586b7f47efc4e9cef626a4947f61a89bc390,257,312,TRIAL_REUSE,
634,杨立清,https://www.smukqyy.cn/prods/431/634,实采,,1,https://www.smukqyy.cn/Uploads/Upload//2025-01-06/173614998696101.jpg,01_试点医院/南方医科大学口腔医院(海珠广场院区)/照片/杨立清-口腔预防科-主治医师-南方医科大学口腔医院(海珠广场院区).jpg,jpg,jpg,445155,9c6b7eb32ed39f859b4821d4b73b18104b0b3edb851f2e658a22f50e3717a5d9,1500,2250,FULL_FETCH,
606,毛丹,https://www.smukqyy.cn/prods/431/606,实采,,1,https://www.smukqyy.cn/Uploads/Upload/2024-08-21/66c54d07ec6fd.png,01_试点医院/南方医科大学口腔医院(海珠广场院区)/照片/毛丹-口腔预防科-主治医师-南方医科大学口腔医院(海珠广场院区).jpg,png,jpg,279849,955fab78eab0a8c84127e1a226b4c660b552e4541d6c3c2ac8bf5b78962f1566,666,985,FULL_FETCH,
357,何子华,https://www.smukqyy.cn/prods/384/357,实采,,1,https://www.smukqyy.cn/Uploads/Upload/2019-11-14/5dccb521a243c.png,01_试点医院/南方医科大学口腔医院(海珠广场院区)/照片/何子华-口腔颌面外科-主治医师-南方医科大学口腔医院(海珠广场院区).png,png,png,686554,a34b9af03a73d70ed5a1ba6d983d6dcf2c6bb35e9932c258673867f3603c6c47,620,923,FULL_FETCH,
317,刘显文,https://www.smukqyy.cn/prods/384/317,实采,,1,https://www.smukqyy.cn/Uploads/Upload//2024-10-09/172846162730100.png,01_试点医院/南方医科大学口腔医院(海珠广场院区)/照片/刘显文-口腔颌面外科-主任医师-南方医科大学口腔医院(海珠广场院区).jpg,png,jpg,116954,44b51543ff388212b697aafd0ec4bcdcb72a9a9e7ece6812e93cb917b3105f3f,1280,1920,FULL_FETCH,
312,刘舒畅,https://www.smukqyy.cn/prods/384/312,实采,,1,https://www.smukqyy.cn/Uploads/Upload/2018-09-10/5b95de0d6e72a.png,01_试点医院/南方医科大学口腔医院(海珠广场院区)/照片/刘舒畅-口腔颌面外科-主治医师-南方医科大学口腔医院(海珠广场院区).png,png,png,450049,9549b84b78a40cef2c926ebfb913fcf7f431ae97f7686b31e20ba58691b75068,495,742,FULL_FETCH,
573,华炳强,https://www.smukqyy.cn/prods/384/573,实采,,1,https://www.smukqyy.cn/Uploads/Upload//2025-02-10/173917399125771.jpg,01_试点医院/南方医科大学口腔医院(海珠广场院区)/照片/华炳强-口腔颌面外科-主治医师-南方医科大学口腔医院(海珠广场院区).jpg,jpg,jpg,2397697,89adb6fadedc634fcde30bafd2c5adfa59940a8efb2412438d163eb596e96aab,3075,4305,FULL_FETCH,
632,叶晓平,https://www.smukqyy.cn/prods/384/632,实采,,1,https://www.smukqyy.cn/Uploads/Upload//2025-01-03/173587601925582.jpg,01_试点医院/南方医科大学口腔医院(海珠广场院区)/照片/叶晓平-口腔颌面外科-医师-南方医科大学口腔医院(海珠广场院区).jpg,jpg,jpg,602552,74b45d3480c36d28d9d122002cffd2536207f6dfe825517c9a7ed17b26c8ae83,2192,2644,TRIAL_REUSE,
366,吴越,https://www.smukqyy.cn/prods/384/366,实采,,1,https://www.smukqyy.cn/Uploads/Upload/2020-04-03/5e86e05ec7c24.png,01_试点医院/南方医科大学口腔医院(海珠广场院区)/照片/吴越-口腔颌面外科-主治医师-南方医科大学口腔医院(海珠广场院区).png,png,png,314313,e32fedd3c83f1b714d0a97e8fa8693fd6776af48e26eb045974b078f3b4b8abf,444,561,FULL_FETCH,
271,廖汶晓,https://www.smukqyy.cn/prods/384/271,实采,,1,https://www.smukqyy.cn/Uploads/Upload/2018-07-09/5b431689ea0d4.JPG,01_试点医院/南方医科大学口腔医院(海珠广场院区)/照片/廖汶晓-口腔颌面外科-主治医师-南方医科大学口腔医院(海珠广场院区).jpg,jpg,jpg,109286,9b073320bacbf19bab945301f8cb5c1e8a392ac61336e34f3be5832ff51d8f90,300,450,FULL_FETCH,
630,石佳玉,https://www.smukqyy.cn/prods/384/630,实采,,1,https://www.smukqyy.cn/Uploads/Upload//2024-12-31/173563686565631.jpg,01_试点医院/南方医科大学口腔医院(海珠广场院区)/照片/石佳玉-口腔颌面外科-医师-南方医科大学口腔医院(海珠广场院区).jpg,jpg,jpg,294866,2c0d469e41a2fc90db71e4094ace80482c5aee1c56696a164d118cab748ed766,912,1210,FULL_FETCH,
380,赵萌,https://www.smukqyy.cn/prods/384/380,实采,,1,https://www.smukqyy.cn/Uploads/Upload/2020-06-19/5eec322f07857.png,01_试点医院/南方医科大学口腔医院(海珠广场院区)/照片/赵萌-口腔颌面外科-主治医师-南方医科大学口腔医院(海珠广场院区).png,png,png,561226,d7ee0867197c32fed773114df1eca780f8fc43d08ec7ddc409213b27a0c2cfec,535,802,FULL_FETCH,
93,任飞,https://www.smukqyy.cn/prods/342/93,实采,,1,https://www.smukqyy.cn/Uploads/Upload/product0365836001374551803.jpg,01_试点医院/南方医科大学口腔医院(海珠广场院区)/照片/任飞-牙体牙髓病科一室-主任医师-南方医科大学口腔医院(海珠广场院区).jpg,jpg,jpg,69579,87e95d3974fdd7f9175573fc2d0b6cdd059966219e088fbe6860dee13452c710,500,750,FULL_FETCH,
64,杨勤,https://www.smukqyy.cn/prods/342/64,实采,,1,https://www.smukqyy.cn/Uploads/Upload/2018-07-09/5b4317aa98c88.jpg,01_试点医院/南方医科大学口腔医院(海珠广场院区)/照片/杨勤-牙体牙髓病科一室-未标注-南方医科大学口腔医院(海珠广场院区).jpg,jpg,jpg,119250,218dd27296ab2533a9f7379c266de118505b58c5eeb9b2c2d1b785dfd75a1dd9,300,450,FULL_FETCH,
526,毕也,https://www.smukqyy.cn/prods/342/526,实采,,1,https://www.smukqyy.cn/Uploads/Upload/2021-09-09/61399806061bf.jpg,01_试点医院/南方医科大学口腔医院(海珠广场院区)/照片/毕也-牙体牙髓病科一室-主治医师-南方医科大学口腔医院(海珠广场院区).jpg,jpg,jpg,245327,56bbfacbb1b7bb61ce09a85d834447a76ec3a8839e0f6be3bc42d2c1cbdf5f90,537,800,FULL_FETCH,
157,张彩美,https://www.smukqyy.cn/prods/434/157,实采,,1,https://www.smukqyy.cn/Uploads/Upload/2018-07-09/5b4317fa3c9a2.JPG,01_试点医院/南方医科大学口腔医院(海珠广场院区)/照片/张彩美-牙体牙髓病科二室-主治医师-南方医科大学口腔医院(海珠广场院区).jpg,jpg,jpg,114582,d702ae5049a79f0372e864d1dae9d0a13c68ec9f64c36769a378f0491666ae8c,300,450,TRIAL_REUSE,
320,余慧敏,https://www.smukqyy.cn/prods/386/320,实采,,1,https://www.smukqyy.cn/Uploads/Upload/2020-04-20/5e9d028ada614.png,01_试点医院/南方医科大学口腔医院(海珠广场院区)/照片/余慧敏-牙周黏膜病科-主治医师-南方医科大学口腔医院(海珠广场院区).png,png,png,457368,db4d401cff31db834333b86089700d8fee14e52201d3de762ed3cceae9f6aa2c,480,720,FULL_FETCH,
135,孟文霞,https://www.smukqyy.cn/prods/386/135,实采,,1,https://www.smukqyy.cn/Uploads/Upload/product0686234001434443704.jpg,01_试点医院/南方医科大学口腔医院(海珠广场院区)/照片/孟文霞-牙周黏膜病科-主任医师-南方医科大学口腔医院(海珠广场院区).jpg,jpg,jpg,71298,7abc21086c1fcd473b3c07ca5804d1472a83856334d724fb502677cfc9dd9508,500,750,TRIAL_REUSE,
474,梅杰,https://www.smukqyy.cn/prods/386/474,实采,,1,https://www.smukqyy.cn/Uploads/Upload/2021-09-26/614fd2c089429.jpg,01_试点医院/南方医科大学口腔医院(海珠广场院区)/照片/梅杰-牙周黏膜病科-主治医师-南方医科大学口腔医院(海珠广场院区).jpg,jpg,jpg,235714,7f9c8a7e1fd0531b21a59dd3ad5dee5f9370f4c1af95e4ebd256478ea3dc8b1b,578,860,FULL_FETCH,
565,翁静欣,https://www.smukqyy.cn/prods/386/565,实采,,1,https://www.smukqyy.cn/Uploads/Upload//2025-02-11/173925602242257.jpg,01_试点医院/南方医科大学口腔医院(海珠广场院区)/照片/翁静欣-牙周黏膜病科-主治医师-南方医科大学口腔医院(海珠广场院区).jpg,jpg,jpg,1160370,2dd1de76de337f38941ffb5576f24a39f7f537f4deb4a7093a317f6586758f52,2400,3600,FULL_FETCH,
115,谢成婕,https://www.smukqyy.cn/prods/386/115,实采,,1,https://www.smukqyy.cn/Uploads/Upload/2023-06-06/647e9ac835e7c.jpg,01_试点医院/南方医科大学口腔医院(海珠广场院区)/照片/谢成婕-牙周黏膜病科-主任医师-南方医科大学口腔医院(海珠广场院区).jpg,jpg,jpg,126975,fc1fee1a8c623c221ad80e5b51dc823fa4fc1c27fec77bcea178435a39f788fe,1280,1918,FULL_FETCH,
658,陈丽娟,https://www.smukqyy.cn/prods/386/658,实采,,1,https://www.smukqyy.cn/Uploads/Upload//2025-08-18/175551667852840.jpg,01_试点医院/南方医科大学口腔医院(海珠广场院区)/照片/陈丽娟-牙周黏膜病科-主治医师-南方医科大学口腔医院(海珠广场院区).jpg,jpg,jpg,4779352,8a67dca4a67f4bc150e9e41748662ae46916bdfc538a5991b7c818bc993b33bc,2857,4000,FULL_FETCH,
576,陈杰,https://www.smukqyy.cn/prods/386/576,实采,,1,https://www.smukqyy.cn/Uploads/Upload/2023-08-24/64e6a7b104dbc.jpg,01_试点医院/南方医科大学口腔医院(海珠广场院区)/照片/陈杰-牙周黏膜病科-主治医师-南方医科大学口腔医院(海珠广场院区).jpg,jpg,jpg,284435,d3edb90dfdcb527d5a046b8ab88c491d8a9dae2b1ca57fe06d02e2fcc02e5b33,2560,2560,FULL_FETCH,
621,刘世乐,https://www.smukqyy.cn/prods/504/621,实采,,1,https://www.smukqyy.cn/Uploads/Upload//2024-11-04/173071807192135.png,01_试点医院/南方医科大学口腔医院(海珠广场院区)/照片/刘世乐-舒适化治疗中心-主任医师-南方医科大学口腔医院(海珠广场院区).jpg,png,jpg,57133,c81edc81c58d596ed1e0d855e09730f4603c1346fad7cefe2306cbfe3dd16462,297,448,FULL_FETCH,
623,康伟,https://www.smukqyy.cn/prods/504/623,实采,,1,https://www.smukqyy.cn/Uploads/Upload//2024-11-04/173071849225002.png,01_试点医院/南方医科大学口腔医院(海珠广场院区)/照片/康伟-舒适化治疗中心-副主任医师-南方医科大学口腔医院(海珠广场院区).jpg,png,jpg,54166,fdf2cc3ad6abfbc9b864dab6992437b99092945cb1bc6d90aa6e5916bc2f2c4d,300,451,FULL_FETCH,
422,刘彦晓雪,https://www.smukqyy.cn/prods/385/422,实采,,1,https://www.smukqyy.cn/Uploads/Upload/2020-10-26/5f962bf733ca1.png,01_试点医院/南方医科大学口腔医院(海珠广场院区)/照片/刘彦晓雪-儿童口腔科-主治医师-南方医科大学口腔医院(海珠广场院区).png,png,png,501888,a1df95d20380e2105d4ea930d615af413726a1e106736b9c94485d5bf8590991,289,433,FULL_FETCH,
423,唐汝萍,https://www.smukqyy.cn/prods/385/423,实采,,1,https://www.smukqyy.cn/Uploads/Upload/2024-04-23/662713494c64e.png,01_试点医院/南方医科大学口腔医院(海珠广场院区)/照片/唐汝萍-儿童口腔科-主治医师-南方医科大学口腔医院(海珠广场院区).png,png,png,721151,16434dd071556033e893e995f1d5b7eb9e4308cee2fa16be82df01d8dc10ce9f,1196,1200,FULL_FETCH,
580,孙丞君,https://www.smukqyy.cn/prods/385/580,实采,,1,https://www.smukqyy.cn/Uploads/Upload/2023-03-13/640eec4a0dedb.jpg,01_试点医院/南方医科大学口腔医院(海珠广场院区)/照片/孙丞君-儿童口腔科-主治医师-南方医科大学口腔医院(海珠广场院区).jpg,jpg,jpg,658350,8f1cbbcc003c87494aee0006952a828f6fdd9bbf003fcef5157ff3c9ee90d90f,1000,1500,FULL_FETCH,
428,李美美,https://www.smukqyy.cn/prods/385/428,实采,,1,https://www.smukqyy.cn/Uploads/Upload/2024-06-21/66753d533c961.jpg,01_试点医院/南方医科大学口腔医院(海珠广场院区)/照片/李美美-儿童口腔科-主治医师-南方医科大学口腔医院(海珠广场院区).jpg,jpg,jpg,102327,d467e3dbc9828f942d0f1f7449fe2d051b3ee5e13c8757ad8ae55dd3e3dc6248,1280,1920,FULL_FETCH,
641,熊华翠,https://www.smukqyy.cn/prods/385/641,实采,,1,https://www.smukqyy.cn/Uploads/Upload//2025-04-22/174531719793431.jpg,01_试点医院/南方医科大学口腔医院(海珠广场院区)/照片/熊华翠-儿童口腔科-副主任医师-南方医科大学口腔医院(海珠广场院区).jpg,jpg,jpg,522338,7f94dbd0146c84f81d72f722650c7d7c5eb37f8897dd56410712a60ca7a89e8a,780,1134,TRIAL_REUSE,
316,谢远雯,https://www.smukqyy.cn/prods/385/316,实采,,1,https://www.smukqyy.cn/Uploads/Upload/2020-10-26/5f962a34a5cb8.png,01_试点医院/南方医科大学口腔医院(海珠广场院区)/照片/谢远雯-儿童口腔科-主治医师-南方医科大学口腔医院(海珠广场院区).png,png,png,397935,801875ebd9f4d76a8d4a193f6c28883f9e70857030d3c239d93e64ea7e5c84c7,257,386,FULL_FETCH,
635,邱欢欢,https://www.smukqyy.cn/prods/385/635,实采,,1,https://www.smukqyy.cn/Uploads/Upload//2025-01-09/173639039879195.jpg,01_试点医院/南方医科大学口腔医院(海珠广场院区)/照片/邱欢欢-儿童口腔科-医师-南方医科大学口腔医院(海珠广场院区).jpg,jpg,jpg,1949890,7eeb38a699e3fcdefd24bf7b689b3de68595e723ac5070f87d40cca442c3d154,2763,4143,FULL_FETCH,
570,陈亚男,https://www.smukqyy.cn/prods/385/570,实采,,1,https://www.smukqyy.cn/Uploads/Upload/2022-09-15/6322d1257fd21.jpg,01_试点医院/南方医科大学口腔医院(海珠广场院区)/照片/陈亚男-儿童口腔科-主治医师-南方医科大学口腔医院(海珠广场院区).jpg,jpg,jpg,128678,4940b5bfc818289b1fcde0f3553993d08dad45846a2ad248cf2930a6daf7d495,320,465,FULL_FETCH,
569,陈希彦,https://www.smukqyy.cn/prods/385/569,实采,,1,https://www.smukqyy.cn/Uploads/Upload/2022-09-15/63229aedea2a6.jpg,01_试点医院/南方医科大学口腔医院(海珠广场院区)/照片/陈希彦-儿童口腔科-主治医师-南方医科大学口腔医院(海珠广场院区).jpg,jpg,jpg,102652,4141c5dc0254cb8e1fa84f91408249f83b1ff55227d4d64412db41b70cfc10e6,320,465,FULL_FETCH,
328,陈柯,https://www.smukqyy.cn/prods/385/328,实采,,1,https://www.smukqyy.cn/Uploads/Upload/2020-10-26/5f9628c716aac.png,01_试点医院/南方医科大学口腔医院(海珠广场院区)/照片/陈柯-儿童口腔科-主任医师-南方医科大学口腔医院(海珠广场院区).png,png,png,501888,df54c65d49c71732e24a8e45571e3f1501a781bf2e35a645332a247816722ea5,289,433,FULL_FETCH,
505,陈浩玲,https://www.smukqyy.cn/prods/385/505,实采,,1,https://www.smukqyy.cn/Uploads/Upload/2022-07-19/62d656902ac79.jpg,01_试点医院/南方医科大学口腔医院(海珠广场院区)/照片/陈浩玲-儿童口腔科-主治医师-南方医科大学口腔医院(海珠广场院区).jpg,jpg,jpg,563026,3ec206b170244cc07af346a2cc6927f43109c99618a98cc1a0105047b57561d5,890,1246,FULL_FETCH,
507,陈焱,https://www.smukqyy.cn/prods/385/507,实采,,1,https://www.smukqyy.cn/Uploads/Upload/2021-08-03/6108fb7366e0d.jpg,01_试点医院/南方医科大学口腔医院(海珠广场院区)/照片/陈焱-儿童口腔科-主治医师-南方医科大学口腔医院(海珠广场院区).jpg,jpg,jpg,133030,c4b87ff57fe788e3d4080d29ab0029ea0319f5f35f3207c4fbc5bc621a9a210f,330,492,FULL_FETCH,
626,刘俊峰,https://www.smukqyy.cn/prods/343/626,实采,,1,https://www.smukqyy.cn/Uploads/Upload//2024-11-05/173079382540313.png,01_试点医院/南方医科大学口腔医院(海珠广场院区)/照片/刘俊峰-口腔正畸科-副主任医师-南方医科大学口腔医院(海珠广场院区).jpg,png,jpg,119240,93dfc54dfbb932054615a6dd7c5096eb4ce731692e5a205772ffafce69d50937,570,672,FULL_FETCH,
20,张文忠,https://www.smukqyy.cn/prods/343/20,实采,,1,https://www.smukqyy.cn/Uploads/Upload//cn/user_image/zj/zwz.jpg,01_试点医院/南方医科大学口腔医院(海珠广场院区)/照片/张文忠-口腔正畸科-主任医师-南方医科大学口腔医院(海珠广场院区).jpg,jpg,jpg,71876,aae98996a2945cd18fbd9ee24a269ad2c35abb95e681b47f16edac69e652804b,500,750,FULL_FETCH,
314,张超,https://www.smukqyy.cn/prods/343/314,实采,,1,https://www.smukqyy.cn/Uploads/Upload/2018-10-08/5bbb2bab56d5d.JPG,01_试点医院/南方医科大学口腔医院(海珠广场院区)/照片/张超-口腔正畸科-主任医师-南方医科大学口腔医院(海珠广场院区).jpg,jpg,jpg,120359,c291a5545afbbe7f59e7f77b3890ccec523b307d2e92b849a665dffeee850ae3,300,450,FULL_FETCH,
531,张雄,https://www.smukqyy.cn/prods/343/531,实采,,1,https://www.smukqyy.cn/Uploads/Upload/2021-10-22/61725b157f0ab.jpg,01_试点医院/南方医科大学口腔医院(海珠广场院区)/照片/张雄-口腔正畸科-主治医师-南方医科大学口腔医院(海珠广场院区).jpg,jpg,jpg,117388,d06cde859c2470a25a045a174d1bebeca556af2256df1e53aed22dd4481d6c53,300,450,FULL_FETCH,
375,李嫕婧,https://www.smukqyy.cn/prods/343/375,实采,,1,https://www.smukqyy.cn/Uploads/Upload/2020-06-01/5ed4a47b77117.png,01_试点医院/南方医科大学口腔医院(海珠广场院区)/照片/李嫕婧-口腔正畸科-主治医师-南方医科大学口腔医院(海珠广场院区).png,png,png,284735,9af0f9581998c51e33fdbbc81122330fdf492a3403472d0ce998a85ad855001a,398,598,FULL_FETCH,
517,盘月梅,https://www.smukqyy.cn/prods/343/517,实采,,1,https://www.smukqyy.cn/Uploads/Upload/2022-08-05/62ecc79051e11.jpg,01_试点医院/南方医科大学口腔医院(海珠广场院区)/照片/盘月梅-口腔正畸科-主治医师-南方医科大学口腔医院(海珠广场院区).jpg,jpg,jpg,47531,060032e31e604557564266664c8076b2671a6ba69bf5b22f80ae754fd6adcbfa,864,1080,FULL_FETCH,
353,阎梦蝶,https://www.smukqyy.cn/prods/343/353,实采,,1,https://www.smukqyy.cn/Uploads/Upload/2019-08-21/5d5c986fa6e1d.jpg,01_试点医院/南方医科大学口腔医院(海珠广场院区)/照片/阎梦蝶-口腔正畸科-主治医师-南方医科大学口腔医院(海珠广场院区).jpg,jpg,jpg,26260,99194815ed53c77f0b76e2c5cf0261afb103f6f5e0344bcfa1009a2adae5f5af,544,816,FULL_FETCH,
186,丁婧文,https://www.smukqyy.cn/prods/341/186,实采,,1,https://www.smukqyy.cn/Uploads/Upload/2024-07-19/6699c31abfa0a.png,01_试点医院/南方医科大学口腔医院(海珠广场院区)/照片/丁婧文-口腔种植修复科-主治医师-南方医科大学口腔医院(海珠广场院区).png,png,png,85820,983d0ffc4372fc60506e912a65c488097810a022403f3f94aafb86a766c3c15c,257,312,FULL_FETCH,
460,刘文静,https://www.smukqyy.cn/prods/341/460,实采,,1,https://www.smukqyy.cn/Uploads/Upload/2020-12-17/5fdafa9f67411.png,01_试点医院/南方医科大学口腔医院(海珠广场院区)/照片/刘文静-口腔种植修复科-主任医师-南方医科大学口腔医院(海珠广场院区).png,png,png,69877,c8bcc324d93dbf8adc93527d7d0862f91aa831ba78911dcc930b53d01a2967f3,201,302,FULL_FETCH,
310,吕影涛,https://www.smukqyy.cn/prods/341/310,实采,,1,https://www.smukqyy.cn/Uploads/Upload//2025-03-27/174308247356704.png,01_试点医院/南方医科大学口腔医院(海珠广场院区)/照片/吕影涛-口腔种植修复科-副主任医师-南方医科大学口腔医院(海珠广场院区).png,png,png,486373,b07b619d5c3e3215b297ba0ac12753c87412f1597ffd5eface58d31dbc7fb140,891,900,FULL_FETCH,
309,夏玉宏,https://www.smukqyy.cn/prods/341/309,实采,,1,https://www.smukqyy.cn/Uploads/Upload/2021-09-14/614050f7007e9.jpg,01_试点医院/南方医科大学口腔医院(海珠广场院区)/照片/夏玉宏-口腔种植修复科-主治医师-南方医科大学口腔医院(海珠广场院区).jpg,jpg,jpg,228823,63a3af5b08140f2cfcf56db445742750e823dcee7e49a39861cb0f56fe6df912,576,860,FULL_FETCH,
523,梁慧珉,https://www.smukqyy.cn/prods/341/523,实采,,1,https://www.smukqyy.cn/Uploads/Upload//2025-09-12/175764026032115.png,01_试点医院/南方医科大学口腔医院(海珠广场院区)/照片/梁慧珉-口腔种植修复科-医师-南方医科大学口腔医院(海珠广场院区).png,png,png,1913884,3198b5a5da9b5734a74cfdb9879b77faee21188b9a9b1e4b1254c90417735261,1446,1994,TRIAL_REUSE,
646,王丹,https://www.smukqyy.cn/prods/341/646,实采,,1,https://www.smukqyy.cn/Uploads/Upload//2025-04-23/174537374090177.jpg,01_试点医院/南方医科大学口腔医院(海珠广场院区)/照片/王丹-口腔种植修复科-副主任医师-南方医科大学口腔医院(海珠广场院区).jpg,jpg,jpg,91250,ecd9af4502d58c41b79d5f325ff8b058f938080ac98505799eb490fb97128c05,577,860,FULL_FETCH,
627,罗恒,https://www.smukqyy.cn/prods/341/627,实采,,1,https://www.smukqyy.cn/Uploads/Upload//2024-11-21/173216052251431.jpg,01_试点医院/南方医科大学口腔医院(海珠广场院区)/照片/罗恒-口腔种植修复科-副主任医师-南方医科大学口腔医院(海珠广场院区).jpg,jpg,jpg,20631,c31d3762e951f224a0ffc4f07c1de1e53e550b662884b24902d6fc9810d5cd00,586,696,FULL_FETCH,
566,蒋艳萍,https://www.smukqyy.cn/prods/341/566,实采,,1,https://www.smukqyy.cn/Uploads/Upload/2022-09-15/632289a31f90a.jpg,01_试点医院/南方医科大学口腔医院(海珠广场院区)/照片/蒋艳萍-口腔种植修复科-主治医师-南方医科大学口腔医院(海珠广场院区).jpg,jpg,jpg,98299,9b52d0f100947fe90ab684def608b6dd52664870afe7c0a17ba420947adceb76,320,465,FULL_FETCH,
112,谢立本,https://www.smukqyy.cn/prods/341/112,实采,,1,https://www.smukqyy.cn/Uploads/Upload/product0789655001400458169.jpg,01_试点医院/南方医科大学口腔医院(海珠广场院区)/照片/谢立本-口腔种植修复科-副主任医师-南方医科大学口腔医院(海珠广场院区).jpg,jpg,jpg,71346,ad03694da5aabae7d4cd4aac6b1685f86dd36568a123ee2558e09a9153c1acfb,500,750,FULL_FETCH,
484,陈雪霞,https://www.smukqyy.cn/prods/341/484,实采,,1,https://www.smukqyy.cn/Uploads/Upload/2021-09-14/614052536fd73.jpg,01_试点医院/南方医科大学口腔医院(海珠广场院区)/照片/陈雪霞-口腔种植修复科-主治医师-南方医科大学口腔医院(海珠广场院区).jpg,jpg,jpg,238041,4941948f0e3a1c97c21fdb083ddb6cd0bd12e38fc64da48f6541e586e904cf3a,577,860,FULL_FETCH,
575,严思齐,https://www.smukqyy.cn/prods/431/575,实采,,1,https://www.smukqyy.cn/Uploads/Upload/2022-09-15/632303be61eaa.jpg,01_试点医院/南方医科大学口腔医院(海珠广场院区)/照片/严思齐-口腔预防科-主治医师-南方医科大学口腔医院(海珠广场院区).jpg,jpg,jpg,79114,bb75b41e0236d39aa79708d90a2250b53d2f92ff39944eea8a918e1d73877a0d,320,465,FULL_FETCH,
574,唐子荣,https://www.smukqyy.cn/prods/431/574,实采,,1,https://www.smukqyy.cn/Uploads/Upload/2022-09-15/6323032f99538.png,01_试点医院/南方医科大学口腔医院(海珠广场院区)/照片/唐子荣-口腔预防科-主治医师-南方医科大学口腔医院(海珠广场院区).png,png,png,60314,eb3ebc433c3565dfef4b3e811b609c2ffc58e68b17f22c9be69381fae3fbb530,237,355,FULL_FETCH,
571,尹罗屏,https://www.smukqyy.cn/prods/431/571,实采,,1,https://www.smukqyy.cn/Uploads/Upload/2022-09-15/6322d4fbbaf24.jpg,01_试点医院/南方医科大学口腔医院(海珠广场院区)/照片/尹罗屏-口腔预防科-主治医师-南方医科大学口腔医院(海珠广场院区).jpg,jpg,jpg,126211,429c0d5c16655e943560bef25daab392ff28acbff9ca13e86eab6ec29ef85440,320,465,FULL_FETCH,
690,曹恒隆,https://www.smukqyy.cn/prods/431/690,实采,,1,https://www.smukqyy.cn/Uploads/Upload//2025-11-28/176432358774135.jpg,01_试点医院/南方医科大学口腔医院(海珠广场院区)/照片/曹恒隆-口腔预防科-住院医师-南方医科大学口腔医院(海珠广场院区).jpg,jpg,jpg,73918,dff448f56df96ad0cbcae42884f0d9488cf83db85399f4b10029bb2bfe05c075,1280,1392,TRIAL_REUSE,
470,李剑波,https://www.smukqyy.cn/prods/431/470,实采,,1,https://www.smukqyy.cn/Uploads/Upload/2021-01-16/6001de368fd3b.JPG,01_试点医院/南方医科大学口腔医院(海珠广场院区)/照片/李剑波-口腔预防科-副主任医师-南方医科大学口腔医院(海珠广场院区).jpg,jpg,jpg,121231,ef17e16a47274abe45588e1b6e92fdff2c62957de004d3b00e5adbf0a93e32f9,300,450,FULL_FETCH,
332,刘畅,https://www.smukqyy.cn/prods/384/332,实采,,1,https://www.smukqyy.cn/Uploads/Upload/2018-11-22/5bf6465ab50ed.png,01_试点医院/南方医科大学口腔医院(海珠广场院区)/照片/刘畅-口腔颌面外科-主治医师-南方医科大学口腔医院(海珠广场院区).png,png,png,482426,a2bddf8b3bd5ef19daf70624ab7cd1b9309329dccb570c0bc531ee0c7fe57bcb,494,742,FULL_FETCH,
24,郑俊发,https://www.smukqyy.cn/prods/384/24,实采,,1,https://www.smukqyy.cn/Uploads/Upload/2018-07-09/5b4316580072b.JPG,01_试点医院/南方医科大学口腔医院(海珠广场院区)/照片/郑俊发-口腔颌面外科-主任医师-南方医科大学口腔医院(海珠广场院区).jpg,jpg,jpg,119109,9c92b93eb408ce1dc29018131086283140cf4634b2974f90ea083eb2c4e00c24,300,450,FULL_FETCH,
510,金婷婷,https://www.smukqyy.cn/prods/384/510,实采,,1,https://www.smukqyy.cn/Uploads/Upload/2021-08-09/6110f748164f6.jpg,01_试点医院/南方医科大学口腔医院(海珠广场院区)/照片/金婷婷-口腔颌面外科-主治医师-南方医科大学口腔医院(海珠广场院区).jpg,jpg,jpg,289907,f0c5bfa8f20bba720683bca60948a239f497202782baa7ec19a2a6666827a805,554,824,FULL_FETCH,
522,周玥杉,https://www.smukqyy.cn/prods/342/522,实采,,1,https://www.smukqyy.cn/Uploads/Upload/2021-08-27/61289ab43095b.jpg,01_试点医院/南方医科大学口腔医院(海珠广场院区)/照片/周玥杉-牙体牙髓病科一室-主治医师-南方医科大学口腔医院(海珠广场院区).jpg,jpg,jpg,916786,089520e8a2b52431258e461edbed0145d4963c8dfd26c3014f07bc53b8453f5f,991,1477,FULL_FETCH,
272,李枚璘,https://www.smukqyy.cn/prods/342/272,实采,,1,https://www.smukqyy.cn/Uploads/Upload/2018-07-09/5b43181aa8759.JPG,01_试点医院/南方医科大学口腔医院(海珠广场院区)/照片/李枚璘-牙体牙髓病科一室-主治医师-南方医科大学口腔医院(海珠广场院区).jpg,jpg,jpg,110258,a874a56a4159933a1aa6e4d7ddc69b50f6c4c9c91c89270e255dbf81c9983905,300,450,FULL_FETCH,
339,李羽弘,https://www.smukqyy.cn/prods/342/339,实采,,1,https://www.smukqyy.cn/Uploads/Upload/2021-09-14/61405398aeb59.jpg,01_试点医院/南方医科大学口腔医院(海珠广场院区)/照片/李羽弘-牙体牙髓病科一室-主治医师-南方医科大学口腔医院(海珠广场院区).jpg,jpg,jpg,146359,be9748848a0e10e0add436a84017ed2ddea196c7e8e15b0e0271096c6aba7368,430,642,FULL_FETCH,
695,游妍,https://www.smukqyy.cn/prods/342/695,实采,,1,https://www.smukqyy.cn/Uploads/Upload//2026-03-10/177312461296151.jpg,01_试点医院/南方医科大学口腔医院(海珠广场院区)/照片/游妍-牙体牙髓病科一室-住院医师-南方医科大学口腔医院(海珠广场院区).jpg,jpg,jpg,110767,8ef3b23978c2f3dc501f181831c97dabcc96e7610aec04e90f4498c37e02bf8e,1280,1618,FULL_FETCH,
487,湛敏康,https://www.smukqyy.cn/prods/342/487,实采,,1,https://www.smukqyy.cn/Uploads/Upload/2021-09-14/6140555a55850.jpg,01_试点医院/南方医科大学口腔医院(海珠广场院区)/照片/湛敏康-牙体牙髓病科一室-主治医师-南方医科大学口腔医院(海珠广场院区).jpg,jpg,jpg,171791,a9118c5510e2da9cebbceffa0289d929903dcd4438428169d6d93828ff4e909f,578,860,FULL_FETCH,
589,熊斌,https://www.smukqyy.cn/prods/342/589,实采,,1,https://www.smukqyy.cn/Uploads/Upload/2023-10-08/65222bae2bd71.jpg,01_试点医院/南方医科大学口腔医院(海珠广场院区)/照片/熊斌-牙体牙髓病科一室-主治医师-南方医科大学口腔医院(海珠广场院区).jpg,jpg,jpg,98160,a9b21866e5715e0e9788aa074f8f1f3d5a9c7c74c50d980975515fe5aa09a0eb,1080,1512,FULL_FETCH,
370,王新琼,https://www.smukqyy.cn/prods/342/370,实采,,1,https://www.smukqyy.cn/Uploads/Upload/2021-09-14/6140546ed5a3d.jpg,01_试点医院/南方医科大学口腔医院(海珠广场院区)/照片/王新琼-牙体牙髓病科一室-主治医师-南方医科大学口腔医院(海珠广场院区).jpg,jpg,jpg,379145,a7c719638926b070ab79eb0f69e399849ae1ccf01a190c4845f1e5fb2c4fcbf0,776,1155,FULL_FETCH,
597,罗海芸,https://www.smukqyy.cn/prods/342/597,实采,,1,https://www.smukqyy.cn/Uploads/Upload/2024-04-23/66270f2a8634b.jpg,01_试点医院/南方医科大学口腔医院(海珠广场院区)/照片/罗海芸-牙体牙髓病科一室-主治医师-南方医科大学口腔医院(海珠广场院区).jpg,jpg,jpg,342053,5ace998304442337590cad7d22bd39fcb8c2e9862b2bd0afa98907d5eea5f9bf,1080,1618,FULL_FETCH,
373,陈欢,https://www.smukqyy.cn/prods/342/373,实采,,1,https://www.smukqyy.cn/Uploads/Upload//2026-04-09/177572048531460.jpg,01_试点医院/南方医科大学口腔医院(海珠广场院区)/照片/陈欢-牙体牙髓病科一室-副主任医师-南方医科大学口腔医院(海珠广场院区).png,jpg,png,444539,59b1eb5935128c8f66a9b49c829fd0262c33cf915f60ae6091ebaa0ac152d0ae,960,1390,TRIAL_REUSE,
563,刘奕雯,https://www.smukqyy.cn/prods/434/563,实采,,1,https://www.smukqyy.cn/Uploads/Upload/2022-09-01/631089e2c32f0.jpg,01_试点医院/南方医科大学口腔医院(海珠广场院区)/照片/刘奕雯-牙体牙髓病科二室-主治医师-南方医科大学口腔医院(海珠广场院区).jpg,jpg,jpg,95444,0c6344c4f13ded786023b87826a39a94fad101141e33cb5dcec8b3b4de071ee4,320,465,FULL_FETCH,
567,刘杰,https://www.smukqyy.cn/prods/434/567,实采,,1,https://www.smukqyy.cn/Uploads/Upload/2022-09-15/63228c2955f30.jpg,01_试点医院/南方医科大学口腔医院(海珠广场院区)/照片/刘杰-牙体牙髓病科二室-主治医师-南方医科大学口腔医院(海珠广场院区).jpg,jpg,jpg,85688,2c5fa76eea54756e900acdf913218ea36a296aaaddfcf0ce6bc694cda79a736c,320,465,FULL_FETCH,
519,叶舒,https://www.smukqyy.cn/prods/434/519,实采,,1,https://www.smukqyy.cn/Uploads/Upload/2021-08-27/61288cffc28dd.jpg,01_试点医院/南方医科大学口腔医院(海珠广场院区)/照片/叶舒-牙体牙髓病科二室-主治医师-南方医科大学口腔医院(海珠广场院区).jpg,jpg,jpg,487870,d42044fe78b9f13653b5fd615b7366cd2c7f00ea82a1b8b5fee636386d9f9ba0,792,1181,FULL_FETCH,
553,吴敏婧,https://www.smukqyy.cn/prods/434/553,实采,,1,https://www.smukqyy.cn/Uploads/Upload/2022-08-18/62fdb60fb3570.jpg,01_试点医院/南方医科大学口腔医院(海珠广场院区)/照片/吴敏婧-牙体牙髓病科二室-主治医师-南方医科大学口腔医院(海珠广场院区).jpg,jpg,jpg,584915,df1cf28782de064e0b61d4c7ca855b86ece73a673084b6e0b68c98778b7772d2,1191,1730,FULL_FETCH,
466,徐帅妹,https://www.smukqyy.cn/prods/434/466,实采,,1,https://www.smukqyy.cn/Uploads/Upload/2021-01-04/5ff27b2976ac3.JPG,01_试点医院/南方医科大学口腔医院(海珠广场院区)/照片/徐帅妹-牙体牙髓病科二室-主任医师-南方医科大学口腔医院(海珠广场院区).jpg,jpg,jpg,116524,68e92535856552040b8cc33dc0fb1618b6d11892f770e3e07955b2f113cb938f,300,450,FULL_FETCH,
518,李冰纯,https://www.smukqyy.cn/prods/434/518,实采,,1,https://www.smukqyy.cn/Uploads/Upload/2022-11-25/63802f60ecb6e.png,01_试点医院/南方医科大学口腔医院(海珠广场院区)/照片/李冰纯-牙体牙髓病科二室-主治医师-南方医科大学口腔医院(海珠广场院区).png,png,png,523418,52dbf55b3819d27beaff0aacb3c1e434e9489c9466795b74982268d8c5381f7d,1280,1920,FULL_FETCH,
482,杨叶青,https://www.smukqyy.cn/prods/434/482,实采,,1,https://www.smukqyy.cn/Uploads/Upload/2021-05-06/609355e00f3b9.jpg,01_试点医院/南方医科大学口腔医院(海珠广场院区)/照片/杨叶青-牙体牙髓病科二室-主治医师-南方医科大学口腔医院(海珠广场院区).jpg,jpg,jpg,134385,8376cf8f808c977396d37fdab6eb6fd92aa98d5b2cb034c36c2082f1eadccce5,426,638,FULL_FETCH,
535,陈洋,https://www.smukqyy.cn/prods/434/535,实采,,1,https://www.smukqyy.cn/Uploads/Upload/2021-12-09/61b1a87a9c873.jpg,01_试点医院/南方医科大学口腔医院(海珠广场院区)/照片/陈洋-牙体牙髓病科二室-主治医师-南方医科大学口腔医院(海珠广场院区).jpg,jpg,jpg,170519,8d43efd964d19d049d161804704ff3d2e061799e8f126853c3eb86a724b4f40c,860,1280,FULL_FETCH,
364,黄沁,https://www.smukqyy.cn/prods/434/364,实采,,1,https://www.smukqyy.cn/Uploads/Upload/2020-01-09/5e16cccb5ab02.png,01_试点医院/南方医科大学口腔医院(海珠广场院区)/照片/黄沁-牙体牙髓病科二室-主治医师-南方医科大学口腔医院(海珠广场院区).png,png,png,419889,6976f54db0b13212c29921b05a80b51ace8253f8142b33bf5e4daf750c036c44,480,721,FULL_FETCH,
520,黄紫荆,https://www.smukqyy.cn/prods/434/520,实采,,1,https://www.smukqyy.cn/Uploads/Upload/2021-08-27/612897e5c6f1d.jpg,01_试点医院/南方医科大学口腔医院(海珠广场院区)/照片/黄紫荆-牙体牙髓病科二室-主治医师-南方医科大学口腔医院(海珠广场院区).jpg,jpg,jpg,882070,02f83460c938dafc12462b5baaa3890b91ddca3a616000f1b9f85d3bc9253451,1057,1575,FULL_FETCH,
564,冉高英,https://www.smukqyy.cn/prods/386/564,实采,,1,https://www.smukqyy.cn/Uploads/Upload/2024-03-28/66050d9c97500.jpg,01_试点医院/南方医科大学口腔医院(海珠广场院区)/照片/冉高英-牙周黏膜病科-主治医师-南方医科大学口腔医院(海珠广场院区).jpg,jpg,jpg,1269406,76f2d47a065b698bbdac3f990825ebc92b97bc3e0d1039b03fbd99ef7e11e467,2296,3215,FULL_FETCH,
511,刘小豪,https://www.smukqyy.cn/prods/386/511,实采,,1,https://www.smukqyy.cn/Uploads/Upload/2023-04-27/644a2bb345c58.jpg,01_试点医院/南方医科大学口腔医院(海珠广场院区)/照片/刘小豪-牙周黏膜病科-主治医师-南方医科大学口腔医院(海珠广场院区).jpg,jpg,jpg,615369,c6a62e847a13802cbae346f83586eaf97df64d6596b967addab9e54cf8eb7a7d,3162,4743,FULL_FETCH,
702,廖阳阳,https://www.smukqyy.cn/prods/386/702,实采,,1,https://www.smukqyy.cn/Uploads/Upload//2026-07-07/178339201534244.png,01_试点医院/南方医科大学口腔医院(海珠广场院区)/照片/廖阳阳-牙周黏膜病科-副主任医师-南方医科大学口腔医院(海珠广场院区).png,png,png,7191769,7c675b6d0c19e722fcf3a01335aa1702224f4365ac9e1759e642cbe65a87bb42,3956,5120,FULL_FETCH,
156,李胡锐,https://www.smukqyy.cn/prods/386/156,实采,,1,https://www.smukqyy.cn/Uploads/Upload/2018-07-09/5b431809405e3.JPG,01_试点医院/南方医科大学口腔医院(海珠广场院区)/照片/李胡锐-牙周黏膜病科-主治医师-南方医科大学口腔医院(海珠广场院区).jpg,jpg,jpg,122529,cf64e735f4e7e5783dbbf713a4b30c2135f1d0552f4f5248aa1ae344c0f884dc,300,450,FULL_FETCH,
604,郭怡,https://www.smukqyy.cn/prods/386/604,实采,,1,https://www.smukqyy.cn/Uploads/Upload/2024-08-14/66bc146de1270.png,01_试点医院/南方医科大学口腔医院(海珠广场院区)/照片/郭怡-牙周黏膜病科-主治医师-南方医科大学口腔医院(海珠广场院区).jpg,png,jpg,253750,a3655c273dc3a8b95a9a0ed5536ae55e80363c18d8525a66d0ffc925991658f7,632,949,FULL_FETCH,
532,唐凤翔,https://www.smukqyy.cn/prods/504/532,实采,,1,https://www.smukqyy.cn/Uploads/Upload/2021-11-02/6180c7563e11c.jpg,01_试点医院/南方医科大学口腔医院(海珠广场院区)/照片/唐凤翔-舒适化治疗中心-主治医师-南方医科大学口腔医院(海珠广场院区).jpg,jpg,jpg,331927,ef2884e2155aad7d66c26380049d8e03e47b95d539c3bce68033d9e67c824e42,591,880,TRIAL_REUSE,
620,夏璇,https://www.smukqyy.cn/prods/504/620,实采,,1,https://www.smukqyy.cn/Uploads/Upload//2024-11-04/173071745772142.png,01_试点医院/南方医科大学口腔医院(海珠广场院区)/照片/夏璇-舒适化治疗中心-主治医师-南方医科大学口腔医院(海珠广场院区).jpg,png,jpg,52921,0ef6b21d0152620eee82af465390967558a54353dd46e358aff5815ca2f72bd5,332,468,FULL_FETCH,
618,姚林川,https://www.smukqyy.cn/prods/504/618,实采,,1,https://www.smukqyy.cn/Uploads/Upload//2024-11-04/173071700759898.png,01_试点医院/南方医科大学口腔医院(海珠广场院区)/照片/姚林川-舒适化治疗中心-主治医师-南方医科大学口腔医院(海珠广场院区).jpg,png,jpg,64536,ba80d11a43316b58ac5354f349ae903b024cfd2b3a2bc477ba7b23ebfb6b4f01,318,477,FULL_FETCH,
622,谢飞,https://www.smukqyy.cn/prods/504/622,实采,,1,https://www.smukqyy.cn/Uploads/Upload//2024-11-04/173071821596756.png,01_试点医院/南方医科大学口腔医院(海珠广场院区)/照片/谢飞-舒适化治疗中心-副主任医师-南方医科大学口腔医院(海珠广场院区).jpg,png,jpg,61739,74c0f9a7357b59bf60fa6d766b5dce3195fc239690a88d9f965a2d5f3abb956a,302,451,FULL_FETCH,
619,雷蕾,https://www.smukqyy.cn/prods/504/619,实采,,1,https://www.smukqyy.cn/Uploads/Upload//2024-11-04/173071736927686.png,01_试点医院/南方医科大学口腔医院(海珠广场院区)/照片/雷蕾-舒适化治疗中心-主治医师-南方医科大学口腔医院(海珠广场院区).png,png,png,174989,9fe66d376b594ffbba270c4b03b18a0a384269a4014ad9cc2a7a4e86904eeb45,315,470,FULL_FETCH,
